# Real Visual Hull Mesh via Space Carving

v -0.095238 0.028571 0.650794 0.9375 0.1250 0.0625
v -0.085714 0.028571 0.634921 0.9167 0.1667 0.0833
v -0.085714 0.019048 0.650794 0.9375 0.1250 0.0625
v -0.085714 0.028571 0.666667 0.9583 0.0833 0.0417
v -0.095238 0.047619 0.650794 0.9375 0.1250 0.0625
v -0.085714 0.047619 0.634921 0.9167 0.1667 0.0833
v -0.085714 0.047619 0.666667 0.9583 0.0833 0.0417
v -0.095238 0.066667 0.650794 0.9375 0.1250 0.0625
v -0.085714 0.066667 0.634921 0.9167 0.1667 0.0833
v -0.085714 0.066667 0.666667 0.9583 0.0833 0.0417
v -0.095238 0.085714 0.650794 0.9375 0.1250 0.0625
v -0.085714 0.085714 0.634921 0.9167 0.1667 0.0833
v -0.085714 0.085714 0.666667 0.9583 0.0833 0.0417
v -0.085714 0.095238 0.650794 0.9375 0.1250 0.0625
v -0.066667 0.028571 0.634921 0.9167 0.1667 0.0833
v -0.066667 0.019048 0.650794 0.9375 0.1250 0.0625
v -0.066667 0.019048 0.682540 0.9792 0.0417 0.0208
v -0.076190 0.028571 0.682540 0.9792 0.0417 0.0208
v -0.066667 0.028571 0.698413 1.0000 0.0000 0.0000
v -0.066667 0.047619 0.634921 0.9167 0.1667 0.0833
v -0.076190 0.047619 0.682540 0.9792 0.0417 0.0208
v -0.066667 0.047619 0.698413 1.0000 0.0000 0.0000
v -0.066667 0.066667 0.634921 0.9167 0.1667 0.0833
v -0.076190 0.066667 0.682540 0.9792 0.0417 0.0208
v -0.066667 0.066667 0.698413 1.0000 0.0000 0.0000
v -0.066667 0.085714 0.634921 0.9167 0.1667 0.0833
v -0.076190 0.085714 0.682540 0.9792 0.0417 0.0208
v -0.066667 0.085714 0.698413 1.0000 0.0000 0.0000
v -0.076190 0.104762 0.650794 0.9375 0.1250 0.0625
v -0.066667 0.104762 0.634921 0.9167 0.1667 0.0833
v -0.076190 0.104762 0.682540 0.9792 0.0417 0.0208
v -0.066667 0.104762 0.698413 1.0000 0.0000 0.0000
v -0.066667 0.114286 0.650794 0.9375 0.1250 0.0625
v -0.066667 0.114286 0.682540 0.9792 0.0417 0.0208
v -0.076190 0.200000 -0.015873 0.0625 0.1250 0.9375
v -0.066667 0.200000 -0.031746 0.0417 0.0833 0.9583
v -0.066667 0.190476 -0.015873 0.0625 0.1250 0.9375
v -0.066667 0.200000 0.000000 0.0833 0.1667 0.9167
v -0.076190 0.219048 -0.015873 0.0625 0.1250 0.9375
v -0.066667 0.219048 -0.031746 0.0417 0.0833 0.9583
v -0.066667 0.219048 0.000000 0.0833 0.1667 0.9167
v -0.066667 0.228571 -0.015873 0.0625 0.1250 0.9375
v -0.057143 0.009524 0.650794 0.9375 0.1250 0.0625
v -0.047619 0.009524 0.634921 0.9167 0.1667 0.0833
v -0.047619 0.000000 0.650794 0.9375 0.1250 0.0625
v -0.047619 0.000000 0.682540 0.9792 0.0417 0.0208
v -0.057143 0.009524 0.682540 0.9792 0.0417 0.0208
v -0.047619 0.009524 0.698413 1.0000 0.0000 0.0000
v -0.047619 0.028571 0.634921 0.9167 0.1667 0.0833
v -0.047619 0.028571 0.698413 1.0000 0.0000 0.0000
v -0.047619 0.047619 0.634921 0.9167 0.1667 0.0833
v -0.047619 0.047619 0.698413 1.0000 0.0000 0.0000
v -0.047619 0.066667 0.634921 0.9167 0.1667 0.0833
v -0.047619 0.066667 0.698413 1.0000 0.0000 0.0000
v -0.047619 0.085714 0.634921 0.9167 0.1667 0.0833
v -0.057143 0.085714 0.682540 0.9792 0.0417 0.0208
v -0.047619 0.076190 0.682540 0.9792 0.0417 0.0208
v -0.047619 0.085714 0.666667 0.9583 0.0833 0.0417
v -0.047619 0.095238 0.650794 0.9375 0.1250 0.0625
v -0.057143 0.104762 0.650794 0.9375 0.1250 0.0625
v -0.057143 0.104762 0.682540 0.9792 0.0417 0.0208
v -0.057143 0.161905 -0.015873 0.0625 0.1250 0.9375
v -0.047619 0.161905 -0.031746 0.0417 0.0833 0.9583
v -0.047619 0.152381 -0.015873 0.0625 0.1250 0.9375
v -0.047619 0.161905 0.000000 0.0833 0.1667 0.9167
v -0.057143 0.180952 -0.015873 0.0625 0.1250 0.9375
v -0.047619 0.180952 -0.031746 0.0417 0.0833 0.9583
v -0.047619 0.180952 0.000000 0.0833 0.1667 0.9167
v -0.047619 0.200000 -0.031746 0.0417 0.0833 0.9583
v -0.047619 0.190476 0.015873 0.1042 0.2083 0.8958
v -0.057143 0.200000 0.015873 0.1042 0.2083 0.8958
v -0.047619 0.200000 0.031746 0.1250 0.2500 0.8750
v -0.047619 0.219048 -0.031746 0.0417 0.0833 0.9583
v -0.057143 0.219048 0.015873 0.1042 0.2083 0.8958
v -0.047619 0.219048 0.031746 0.1250 0.2500 0.8750
v -0.057143 0.238095 -0.015873 0.0625 0.1250 0.9375
v -0.047619 0.238095 -0.031746 0.0417 0.0833 0.9583
v -0.057143 0.238095 0.015873 0.1042 0.2083 0.8958
v -0.047619 0.228571 0.047619 0.1458 0.2917 0.8542
v -0.057143 0.238095 0.047619 0.1458 0.2917 0.8542
v -0.047619 0.238095 0.063492 0.1667 0.3333 0.8333
v -0.057143 0.257143 -0.015873 0.0625 0.1250 0.9375
v -0.047619 0.257143 -0.031746 0.0417 0.0833 0.9583
v -0.057143 0.257143 0.015873 0.1042 0.2083 0.8958
v -0.057143 0.257143 0.047619 0.1458 0.2917 0.8542
v -0.047619 0.247619 0.079365 0.1875 0.3750 0.8125
v -0.057143 0.257143 0.079365 0.1875 0.3750 0.8125
v -0.047619 0.257143 0.095238 0.2083 0.4167 0.7917
v -0.047619 0.266667 -0.015873 0.0625 0.1250 0.9375
v -0.047619 0.266667 0.015873 0.1042 0.2083 0.8958
v -0.047619 0.266667 0.047619 0.1458 0.2917 0.8542
v -0.047619 0.266667 0.079365 0.1875 0.3750 0.8125
v -0.038095 -0.085714 0.142857 0.2708 0.5417 0.7292
v -0.028571 -0.085714 0.126984 0.2500 0.5000 0.7500
v -0.028571 -0.095238 0.142857 0.2708 0.5417 0.7292
v -0.028571 -0.085714 0.158730 0.2917 0.5833 0.7083
v -0.028571 -0.076190 0.142857 0.2708 0.5417 0.7292
v -0.038095 0.009524 0.650794 0.9375 0.1250 0.0625
v -0.038095 0.009524 0.682540 0.9792 0.0417 0.0208
v -0.038095 0.028571 0.650794 0.9375 0.1250 0.0625
v -0.038095 0.028571 0.682540 0.9792 0.0417 0.0208
v -0.038095 0.047619 0.650794 0.9375 0.1250 0.0625
v -0.038095 0.047619 0.682540 0.9792 0.0417 0.0208
v -0.038095 0.066667 0.650794 0.9375 0.1250 0.0625
v -0.038095 0.066667 0.682540 0.9792 0.0417 0.0208
v -0.038095 0.085714 0.650794 0.9375 0.1250 0.0625
v -0.038095 0.142857 -0.015873 0.0625 0.1250 0.9375
v -0.028571 0.142857 -0.031746 0.0417 0.0833 0.9583
v -0.028571 0.133333 -0.015873 0.0625 0.1250 0.9375
v -0.028571 0.142857 0.000000 0.0833 0.1667 0.9167
v -0.028571 0.161905 -0.031746 0.0417 0.0833 0.9583
v -0.028571 0.161905 0.000000 0.0833 0.1667 0.9167
v -0.028571 0.180952 -0.031746 0.0417 0.0833 0.9583
v -0.028571 0.171429 0.015873 0.1042 0.2083 0.8958
v -0.038095 0.180952 0.015873 0.1042 0.2083 0.8958
v -0.028571 0.180952 0.031746 0.1250 0.2500 0.8750
v -0.028571 0.200000 -0.031746 0.0417 0.0833 0.9583
v -0.028571 0.190476 0.047619 0.1458 0.2917 0.8542
v -0.038095 0.200000 0.047619 0.1458 0.2917 0.8542
v -0.028571 0.200000 0.063492 0.1667 0.3333 0.8333
v -0.028571 0.219048 -0.031746 0.0417 0.0833 0.9583
v -0.038095 0.219048 0.047619 0.1458 0.2917 0.8542
v -0.028571 0.209524 0.079365 0.1875 0.3750 0.8125
v -0.038095 0.219048 0.079365 0.1875 0.3750 0.8125
v -0.028571 0.219048 0.095238 0.2083 0.4167 0.7917
v -0.028571 0.238095 -0.031746 0.0417 0.0833 0.9583
v -0.038095 0.238095 0.079365 0.1875 0.3750 0.8125
v -0.028571 0.228571 0.111111 0.2292 0.4583 0.7708
v -0.038095 0.238095 0.111111 0.2292 0.4583 0.7708
v -0.028571 0.238095 0.126984 0.2500 0.5000 0.7500
v -0.028571 0.247619 -0.015873 0.0625 0.1250 0.9375
v -0.038095 0.257143 -0.015873 0.0625 0.1250 0.9375
v -0.028571 0.257143 0.000000 0.0833 0.1667 0.9167
v -0.038095 0.257143 0.111111 0.2292 0.4583 0.7708
v -0.028571 0.257143 0.126984 0.2500 0.5000 0.7500
v -0.028571 0.266667 0.015873 0.1042 0.2083 0.8958
v -0.028571 0.266667 0.047619 0.1458 0.2917 0.8542
v -0.028571 0.266667 0.079365 0.1875 0.3750 0.8125
v -0.028571 0.266667 0.111111 0.2292 0.4583 0.7708
v -0.019048 -0.123810 0.142857 0.2708 0.5417 0.7292
v -0.009524 -0.123810 0.126984 0.2500 0.5000 0.7500
v -0.009524 -0.133333 0.142857 0.2708 0.5417 0.7292
v -0.009524 -0.133333 0.174603 0.3125 0.6250 0.6875
v -0.019048 -0.123810 0.174603 0.3125 0.6250 0.6875
v -0.009524 -0.123810 0.190476 0.3333 0.6667 0.6667
v -0.019048 -0.104762 0.142857 0.2708 0.5417 0.7292
v -0.009524 -0.104762 0.126984 0.2500 0.5000 0.7500
v -0.019048 -0.104762 0.174603 0.3125 0.6250 0.6875
v -0.009524 -0.104762 0.190476 0.3333 0.6667 0.6667
v -0.019048 -0.085714 0.142857 0.2708 0.5417 0.7292
v -0.009524 -0.095238 0.142857 0.2708 0.5417 0.7292
v -0.009524 -0.095238 0.174603 0.3125 0.6250 0.6875
v -0.019048 0.066667 -0.047619 0.0208 0.0417 0.9792
v -0.009524 0.066667 -0.063492 0.0000 0.0000 1.0000
v -0.009524 0.057143 -0.047619 0.0208 0.0417 0.9792
v -0.009524 0.066667 -0.031746 0.0417 0.0833 0.9583
v -0.009524 0.076190 -0.047619 0.0208 0.0417 0.9792
v -0.009524 0.085714 -0.031746 0.0417 0.0833 0.9583
v -0.019048 0.085714 -0.015873 0.0625 0.1250 0.9375
v -0.009524 0.076190 -0.015873 0.0625 0.1250 0.9375
v -0.009524 0.085714 0.000000 0.0833 0.1667 0.9167
v -0.019048 0.104762 -0.015873 0.0625 0.1250 0.9375
v -0.009524 0.104762 -0.031746 0.0417 0.0833 0.9583
v -0.009524 0.104762 0.000000 0.0833 0.1667 0.9167
v -0.019048 0.123810 -0.015873 0.0625 0.1250 0.9375
v -0.009524 0.123810 -0.031746 0.0417 0.0833 0.9583
v -0.009524 0.114286 0.015873 0.1042 0.2083 0.8958
v -0.019048 0.123810 0.015873 0.1042 0.2083 0.8958
v -0.009524 0.123810 0.031746 0.1250 0.2500 0.8750
v -0.009524 0.142857 -0.031746 0.0417 0.0833 0.9583
v -0.019048 0.142857 0.015873 0.1042 0.2083 0.8958
v -0.009524 0.142857 0.031746 0.1250 0.2500 0.8750
v -0.009524 0.161905 -0.031746 0.0417 0.0833 0.9583
v -0.019048 0.161905 0.015873 0.1042 0.2083 0.8958
v -0.009524 0.152381 0.047619 0.1458 0.2917 0.8542
v -0.019048 0.161905 0.047619 0.1458 0.2917 0.8542
v -0.009524 0.161905 0.063492 0.1667 0.3333 0.8333
v -0.009524 0.180952 -0.031746 0.0417 0.0833 0.9583
v -0.019048 0.180952 0.047619 0.1458 0.2917 0.8542
v -0.009524 0.171429 0.079365 0.1875 0.3750 0.8125
v -0.019048 0.180952 0.079365 0.1875 0.3750 0.8125
v -0.009524 0.180952 0.095238 0.2083 0.4167 0.7917
v -0.009524 0.200000 -0.031746 0.0417 0.0833 0.9583
v -0.019048 0.200000 0.079365 0.1875 0.3750 0.8125
v -0.009524 0.190476 0.111111 0.2292 0.4583 0.7708
v -0.019048 0.200000 0.111111 0.2292 0.4583 0.7708
v -0.009524 0.200000 0.126984 0.2500 0.5000 0.7500
v -0.009524 0.219048 -0.031746 0.0417 0.0833 0.9583
v -0.019048 0.219048 0.111111 0.2292 0.4583 0.7708
v -0.009524 0.219048 0.126984 0.2500 0.5000 0.7500
v -0.009524 0.238095 -0.031746 0.0417 0.0833 0.9583
v -0.009524 0.228571 0.142857 0.2708 0.5417 0.7292
v -0.019048 0.238095 0.142857 0.2708 0.5417 0.7292
v -0.009524 0.238095 0.158730 0.2917 0.5833 0.7083
v -0.009524 0.247619 -0.015873 0.0625 0.1250 0.9375
v -0.009524 0.257143 0.000000 0.0833 0.1667 0.9167
v -0.019048 0.257143 0.142857 0.2708 0.5417 0.7292
v -0.009524 0.257143 0.158730 0.2917 0.5833 0.7083
v -0.009524 0.266667 0.015873 0.1042 0.2083 0.8958
v -0.009524 0.266667 0.047619 0.1458 0.2917 0.8542
v -0.009524 0.266667 0.079365 0.1875 0.3750 0.8125
v -0.009524 0.266667 0.111111 0.2292 0.4583 0.7708
v -0.009524 0.266667 0.142857 0.2708 0.5417 0.7292
v 0.000000 -0.161905 0.142857 0.2708 0.5417 0.7292
v 0.009524 -0.161905 0.126984 0.2500 0.5000 0.7500
v 0.009524 -0.171429 0.142857 0.2708 0.5417 0.7292
v 0.009524 -0.161905 0.158730 0.2917 0.5833 0.7083
v 0.000000 -0.142857 0.142857 0.2708 0.5417 0.7292
v 0.009524 -0.142857 0.126984 0.2500 0.5000 0.7500
v 0.009524 -0.152381 0.174603 0.3125 0.6250 0.6875
v 0.000000 -0.142857 0.174603 0.3125 0.6250 0.6875
v 0.009524 -0.142857 0.190476 0.3333 0.6667 0.6667
v 0.000000 -0.123810 0.142857 0.2708 0.5417 0.7292
v 0.009524 -0.133333 0.142857 0.2708 0.5417 0.7292
v 0.000000 -0.133333 0.158730 0.2917 0.5833 0.7083
v 0.009524 -0.123810 0.158730 0.2917 0.5833 0.7083
v 0.009524 -0.133333 0.206349 0.3542 0.7083 0.6458
v 0.000000 -0.123810 0.206349 0.3542 0.7083 0.6458
v 0.009524 -0.123810 0.222222 0.3750 0.7500 0.6250
v 0.000000 -0.104762 0.142857 0.2708 0.5417 0.7292
v 0.009524 -0.114286 0.174603 0.3125 0.6250 0.6875
v 0.000000 -0.104762 0.174603 0.3125 0.6250 0.6875
v 0.000000 -0.114286 0.190476 0.3333 0.6667 0.6667
v 0.009524 -0.104762 0.190476 0.3333 0.6667 0.6667
v 0.000000 -0.104762 0.206349 0.3542 0.7083 0.6458
v 0.009524 -0.104762 0.222222 0.3750 0.7500 0.6250
v 0.009524 -0.095238 0.206349 0.3542 0.7083 0.6458
v 0.000000 0.028571 -0.047619 0.0208 0.0417 0.9792
v 0.009524 0.028571 -0.063492 0.0000 0.0000 1.0000
v 0.009524 0.019048 -0.047619 0.0208 0.0417 0.9792
v 0.009524 0.028571 -0.031746 0.0417 0.0833 0.9583
v 0.000000 0.047619 -0.047619 0.0208 0.0417 0.9792
v 0.009524 0.047619 -0.063492 0.0000 0.0000 1.0000
v 0.009524 0.038095 -0.015873 0.0625 0.1250 0.9375
v 0.000000 0.047619 -0.015873 0.0625 0.1250 0.9375
v 0.009524 0.047619 0.000000 0.0833 0.1667 0.9167
v 0.009524 0.066667 -0.063492 0.0000 0.0000 1.0000
v 0.000000 0.066667 -0.015873 0.0625 0.1250 0.9375
v 0.009524 0.066667 0.000000 0.0833 0.1667 0.9167
v 0.009524 0.076190 -0.047619 0.0208 0.0417 0.9792
v 0.000000 0.076190 -0.031746 0.0417 0.0833 0.9583
v 0.009524 0.085714 -0.031746 0.0417 0.0833 0.9583
v 0.009524 0.076190 0.015873 0.1042 0.2083 0.8958
v 0.000000 0.085714 0.015873 0.1042 0.2083 0.8958
v 0.009524 0.085714 0.031746 0.1250 0.2500 0.8750
v 0.009524 0.104762 -0.031746 0.0417 0.0833 0.9583
v 0.000000 0.104762 0.015873 0.1042 0.2083 0.8958
v 0.009524 0.104762 0.031746 0.1250 0.2500 0.8750
v 0.009524 0.123810 -0.031746 0.0417 0.0833 0.9583
v 0.009524 0.114286 0.047619 0.1458 0.2917 0.8542
v 0.000000 0.123810 0.047619 0.1458 0.2917 0.8542
v 0.009524 0.123810 0.063492 0.1667 0.3333 0.8333
v 0.009524 0.142857 -0.031746 0.0417 0.0833 0.9583
v 0.000000 0.142857 0.047619 0.1458 0.2917 0.8542
v 0.009524 0.142857 0.063492 0.1667 0.3333 0.8333
v 0.009524 0.161905 -0.031746 0.0417 0.0833 0.9583
v 0.009524 0.152381 0.079365 0.1875 0.3750 0.8125
v 0.000000 0.161905 0.079365 0.1875 0.3750 0.8125
v 0.009524 0.161905 0.095238 0.2083 0.4167 0.7917
v 0.009524 0.180952 -0.031746 0.0417 0.0833 0.9583
v 0.009524 0.171429 0.111111 0.2292 0.4583 0.7708
v 0.000000 0.180952 0.111111 0.2292 0.4583 0.7708
v 0.009524 0.180952 0.126984 0.2500 0.5000 0.7500
v 0.009524 0.200000 -0.031746 0.0417 0.0833 0.9583
v 0.009524 0.190476 0.142857 0.2708 0.5417 0.7292
v 0.000000 0.200000 0.142857 0.2708 0.5417 0.7292
v 0.009524 0.200000 0.158730 0.2917 0.5833 0.7083
v 0.009524 0.219048 -0.031746 0.0417 0.0833 0.9583
v 0.000000 0.219048 0.142857 0.2708 0.5417 0.7292
v 0.009524 0.209524 0.174603 0.3125 0.6250 0.6875
v 0.000000 0.219048 0.174603 0.3125 0.6250 0.6875
v 0.009524 0.219048 0.190476 0.3333 0.6667 0.6667
v 0.009524 0.238095 -0.031746 0.0417 0.0833 0.9583
v 0.000000 0.238095 0.174603 0.3125 0.6250 0.6875
v 0.009524 0.238095 0.190476 0.3333 0.6667 0.6667
v 0.009524 0.247619 -0.015873 0.0625 0.1250 0.9375
v 0.000000 0.257143 0.015873 0.1042 0.2083 0.8958
v 0.009524 0.247619 0.015873 0.1042 0.2083 0.8958
v 0.000000 0.257143 0.047619 0.1458 0.2917 0.8542
v 0.009524 0.247619 0.047619 0.1458 0.2917 0.8542
v 0.009524 0.257143 0.063492 0.1667 0.3333 0.8333
v 0.009524 0.247619 0.174603 0.3125 0.6250 0.6875
v 0.009524 0.257143 0.158730 0.2917 0.5833 0.7083
v 0.009524 0.266667 0.079365 0.1875 0.3750 0.8125
v 0.009524 0.266667 0.111111 0.2292 0.4583 0.7708
v 0.009524 0.266667 0.142857 0.2708 0.5417 0.7292
v 0.028571 -0.161905 0.126984 0.2500 0.5000 0.7500
v 0.028571 -0.171429 0.142857 0.2708 0.5417 0.7292
v 0.028571 -0.171429 0.174603 0.3125 0.6250 0.6875
v 0.019048 -0.161905 0.174603 0.3125 0.6250 0.6875
v 0.028571 -0.161905 0.190476 0.3333 0.6667 0.6667
v 0.028571 -0.152381 0.142857 0.2708 0.5417 0.7292
v 0.019048 -0.142857 0.142857 0.2708 0.5417 0.7292
v 0.019048 -0.152381 0.158730 0.2917 0.5833 0.7083
v 0.028571 -0.152381 0.174603 0.3125 0.6250 0.6875
v 0.019048 -0.142857 0.174603 0.3125 0.6250 0.6875
v 0.019048 -0.142857 0.206349 0.3542 0.7083 0.6458
v 0.028571 -0.142857 0.190476 0.3333 0.6667 0.6667
v 0.028571 -0.152381 0.206349 0.3542 0.7083 0.6458
v 0.028571 -0.142857 0.222222 0.3750 0.7500 0.6250
v 0.019048 -0.123810 0.174603 0.3125 0.6250 0.6875
v 0.028571 -0.133333 0.206349 0.3542 0.7083 0.6458
v 0.019048 -0.123810 0.206349 0.3542 0.7083 0.6458
v 0.019048 -0.123810 0.238095 0.3958 0.7917 0.6042
v 0.028571 -0.123810 0.222222 0.3750 0.7500 0.6250
v 0.028571 -0.133333 0.238095 0.3958 0.7917 0.6042
v 0.028571 -0.123810 0.253968 0.4167 0.8333 0.5833
v 0.019048 -0.104762 0.206349 0.3542 0.7083 0.6458
v 0.028571 -0.114286 0.238095 0.3958 0.7917 0.6042
v 0.019048 0.009524 -0.047619 0.0208 0.0417 0.9792
v 0.028571 0.009524 -0.063492 0.0000 0.0000 1.0000
v 0.028571 0.000000 -0.047619 0.0208 0.0417 0.9792
v 0.028571 0.000000 -0.015873 0.0625 0.1250 0.9375
v 0.019048 0.009524 -0.015873 0.0625 0.1250 0.9375
v 0.028571 0.009524 0.000000 0.0833 0.1667 0.9167
v 0.028571 0.028571 -0.063492 0.0000 0.0000 1.0000
v 0.019048 0.028571 -0.015873 0.0625 0.1250 0.9375
v 0.028571 0.028571 0.000000 0.0833 0.1667 0.9167
v 0.028571 0.047619 -0.063492 0.0000 0.0000 1.0000
v 0.028571 0.038095 0.015873 0.1042 0.2083 0.8958
v 0.019048 0.047619 0.015873 0.1042 0.2083 0.8958
v 0.028571 0.047619 0.031746 0.1250 0.2500 0.8750
v 0.028571 0.066667 -0.063492 0.0000 0.0000 1.0000
v 0.019048 0.066667 0.015873 0.1042 0.2083 0.8958
v 0.028571 0.066667 0.031746 0.1250 0.2500 0.8750
v 0.019048 0.085714 -0.047619 0.0208 0.0417 0.9792
v 0.028571 0.085714 -0.063492 0.0000 0.0000 1.0000
v 0.028571 0.076190 0.047619 0.1458 0.2917 0.8542
v 0.019048 0.085714 0.047619 0.1458 0.2917 0.8542
v 0.028571 0.085714 0.063492 0.1667 0.3333 0.8333
v 0.028571 0.095238 -0.047619 0.0208 0.0417 0.9792
v 0.028571 0.104762 -0.031746 0.0417 0.0833 0.9583
v 0.019048 0.104762 0.047619 0.1458 0.2917 0.8542
v 0.028571 0.095238 0.079365 0.1875 0.3750 0.8125
v 0.019048 0.104762 0.079365 0.1875 0.3750 0.8125
v 0.028571 0.104762 0.095238 0.2083 0.4167 0.7917
v 0.028571 0.123810 -0.031746 0.0417 0.0833 0.9583
v 0.019048 0.123810 0.079365 0.1875 0.3750 0.8125
v 0.028571 0.123810 0.095238 0.2083 0.4167 0.7917
v 0.028571 0.142857 -0.031746 0.0417 0.0833 0.9583
v 0.019048 0.142857 0.079365 0.1875 0.3750 0.8125
v 0.028571 0.133333 0.111111 0.2292 0.4583 0.7708
v 0.019048 0.142857 0.111111 0.2292 0.4583 0.7708
v 0.028571 0.142857 0.126984 0.2500 0.5000 0.7500
v 0.028571 0.161905 -0.031746 0.0417 0.0833 0.9583
v 0.019048 0.161905 0.111111 0.2292 0.4583 0.7708
v 0.028571 0.161905 0.126984 0.2500 0.5000 0.7500
v 0.028571 0.180952 -0.031746 0.0417 0.0833 0.9583
v 0.028571 0.171429 0.142857 0.2708 0.5417 0.7292
v 0.019048 0.180952 0.142857 0.2708 0.5417 0.7292
v 0.028571 0.180952 0.158730 0.2917 0.5833 0.7083
v 0.028571 0.200000 -0.031746 0.0417 0.0833 0.9583
v 0.028571 0.190476 0.174603 0.3125 0.6250 0.6875
v 0.019048 0.200000 0.174603 0.3125 0.6250 0.6875
v 0.028571 0.200000 0.190476 0.3333 0.6667 0.6667
v 0.028571 0.219048 -0.031746 0.0417 0.0833 0.9583
v 0.028571 0.209524 0.206349 0.3542 0.7083 0.6458
v 0.019048 0.219048 0.206349 0.3542 0.7083 0.6458
v 0.028571 0.219048 0.222222 0.3750 0.7500 0.6250
v 0.028571 0.228571 -0.015873 0.0625 0.1250 0.9375
v 0.019048 0.238095 -0.015873 0.0625 0.1250 0.9375
v 0.028571 0.238095 0.000000 0.0833 0.1667 0.9167
v 0.019048 0.238095 0.206349 0.3542 0.7083 0.6458
v 0.028571 0.238095 0.222222 0.3750 0.7500 0.6250
v 0.028571 0.247619 0.015873 0.1042 0.2083 0.8958
v 0.028571 0.247619 0.047619 0.1458 0.2917 0.8542
v 0.019048 0.257143 0.079365 0.1875 0.3750 0.8125
v 0.028571 0.247619 0.079365 0.1875 0.3750 0.8125
v 0.019048 0.257143 0.111111 0.2292 0.4583 0.7708
v 0.028571 0.247619 0.111111 0.2292 0.4583 0.7708
v 0.019048 0.257143 0.142857 0.2708 0.5417 0.7292
v 0.028571 0.247619 0.142857 0.2708 0.5417 0.7292
v 0.028571 0.247619 0.174603 0.3125 0.6250 0.6875
v 0.028571 0.247619 0.206349 0.3542 0.7083 0.6458
v 0.038095 -0.161905 0.142857 0.2708 0.5417 0.7292
v 0.038095 -0.161905 0.174603 0.3125 0.6250 0.6875
v 0.038095 -0.142857 0.206349 0.3542 0.7083 0.6458
v 0.047619 -0.152381 0.238095 0.3958 0.7917 0.6042
v 0.047619 -0.142857 0.222222 0.3750 0.7500 0.6250
v 0.038095 -0.142857 0.238095 0.3958 0.7917 0.6042
v 0.047619 -0.142857 0.253968 0.4167 0.8333 0.5833
v 0.047619 -0.133333 0.238095 0.3958 0.7917 0.6042
v 0.038095 -0.123810 0.238095 0.3958 0.7917 0.6042
v 0.038095 -0.028571 -0.047619 0.0208 0.0417 0.9792
v 0.047619 -0.028571 -0.063492 0.0000 0.0000 1.0000
v 0.047619 -0.038095 -0.047619 0.0208 0.0417 0.9792
v 0.047619 -0.038095 -0.015873 0.0625 0.1250 0.9375
v 0.038095 -0.028571 -0.015873 0.0625 0.1250 0.9375
v 0.047619 -0.028571 0.000000 0.0833 0.1667 0.9167
v 0.038095 -0.009524 -0.047619 0.0208 0.0417 0.9792
v 0.047619 -0.009524 -0.063492 0.0000 0.0000 1.0000
v 0.038095 -0.009524 -0.015873 0.0625 0.1250 0.9375
v 0.047619 -0.009524 0.000000 0.0833 0.1667 0.9167
v 0.047619 0.009524 -0.063492 0.0000 0.0000 1.0000
v 0.047619 0.000000 0.015873 0.1042 0.2083 0.8958
v 0.038095 0.009524 0.015873 0.1042 0.2083 0.8958
v 0.047619 0.009524 0.031746 0.1250 0.2500 0.8750
v 0.047619 0.028571 -0.063492 0.0000 0.0000 1.0000
v 0.038095 0.028571 0.015873 0.1042 0.2083 0.8958
v 0.047619 0.028571 0.031746 0.1250 0.2500 0.8750
v 0.047619 0.047619 -0.063492 0.0000 0.0000 1.0000
v 0.047619 0.038095 0.047619 0.1458 0.2917 0.8542
v 0.038095 0.047619 0.047619 0.1458 0.2917 0.8542
v 0.047619 0.047619 0.063492 0.1667 0.3333 0.8333
v 0.047619 0.057143 -0.047619 0.0208 0.0417 0.9792
v 0.038095 0.066667 -0.047619 0.0208 0.0417 0.9792
v 0.047619 0.066667 -0.031746 0.0417 0.0833 0.9583
v 0.038095 0.066667 0.047619 0.1458 0.2917 0.8542
v 0.047619 0.057143 0.079365 0.1875 0.3750 0.8125
v 0.038095 0.066667 0.079365 0.1875 0.3750 0.8125
v 0.047619 0.066667 0.095238 0.2083 0.4167 0.7917
v 0.038095 0.085714 -0.047619 0.0208 0.0417 0.9792
v 0.047619 0.085714 -0.031746 0.0417 0.0833 0.9583
v 0.038095 0.085714 0.079365 0.1875 0.3750 0.8125
v 0.047619 0.085714 0.095238 0.2083 0.4167 0.7917
v 0.047619 0.104762 -0.031746 0.0417 0.0833 0.9583
v 0.047619 0.095238 0.111111 0.2292 0.4583 0.7708
v 0.038095 0.104762 0.111111 0.2292 0.4583 0.7708
v 0.047619 0.104762 0.126984 0.2500 0.5000 0.7500
v 0.047619 0.123810 -0.031746 0.0417 0.0833 0.9583
v 0.038095 0.123810 0.111111 0.2292 0.4583 0.7708
v 0.047619 0.123810 0.126984 0.2500 0.5000 0.7500
v 0.047619 0.142857 -0.031746 0.0417 0.0833 0.9583
v 0.047619 0.133333 0.142857 0.2708 0.5417 0.7292
v 0.038095 0.142857 0.142857 0.2708 0.5417 0.7292
v 0.047619 0.142857 0.158730 0.2917 0.5833 0.7083
v 0.047619 0.161905 -0.031746 0.0417 0.0833 0.9583
v 0.038095 0.161905 0.142857 0.2708 0.5417 0.7292
v 0.047619 0.152381 0.174603 0.3125 0.6250 0.6875
v 0.038095 0.161905 0.174603 0.3125 0.6250 0.6875
v 0.047619 0.161905 0.190476 0.3333 0.6667 0.6667
v 0.047619 0.180952 -0.031746 0.0417 0.0833 0.9583
v 0.038095 0.180952 0.174603 0.3125 0.6250 0.6875
v 0.047619 0.180952 0.190476 0.3333 0.6667 0.6667
v 0.047619 0.200000 -0.031746 0.0417 0.0833 0.9583
v 0.047619 0.190476 0.206349 0.3542 0.7083 0.6458
v 0.038095 0.200000 0.206349 0.3542 0.7083 0.6458
v 0.047619 0.190476 0.238095 0.3958 0.7917 0.6042
v 0.038095 0.200000 0.238095 0.3958 0.7917 0.6042
v 0.047619 0.200000 0.253968 0.4167 0.8333 0.5833
v 0.047619 0.209524 -0.015873 0.0625 0.1250 0.9375
v 0.038095 0.219048 -0.015873 0.0625 0.1250 0.9375
v 0.047619 0.219048 0.000000 0.0833 0.1667 0.9167
v 0.038095 0.219048 0.238095 0.3958 0.7917 0.6042
v 0.047619 0.219048 0.253968 0.4167 0.8333 0.5833
v 0.038095 0.238095 0.015873 0.1042 0.2083 0.8958
v 0.047619 0.228571 0.015873 0.1042 0.2083 0.8958
v 0.038095 0.238095 0.047619 0.1458 0.2917 0.8542
v 0.047619 0.228571 0.047619 0.1458 0.2917 0.8542
v 0.047619 0.238095 0.063492 0.1667 0.3333 0.8333
v 0.047619 0.228571 0.238095 0.3958 0.7917 0.6042
v 0.047619 0.238095 0.222222 0.3750 0.7500 0.6250
v 0.047619 0.247619 0.079365 0.1875 0.3750 0.8125
v 0.047619 0.247619 0.111111 0.2292 0.4583 0.7708
v 0.047619 0.247619 0.142857 0.2708 0.5417 0.7292
v 0.047619 0.247619 0.174603 0.3125 0.6250 0.6875
v 0.047619 0.247619 0.206349 0.3542 0.7083 0.6458
v 0.057143 -0.142857 0.238095 0.3958 0.7917 0.6042
v 0.057143 -0.066667 -0.015873 0.0625 0.1250 0.9375
v 0.066667 -0.066667 -0.031746 0.0417 0.0833 0.9583
v 0.066667 -0.076190 -0.015873 0.0625 0.1250 0.9375
v 0.066667 -0.066667 0.000000 0.0833 0.1667 0.9167
v 0.057143 -0.047619 -0.047619 0.0208 0.0417 0.9792
v 0.066667 -0.047619 -0.063492 0.0000 0.0000 1.0000
v 0.066667 -0.057143 -0.047619 0.0208 0.0417 0.9792
v 0.057143 -0.047619 -0.015873 0.0625 0.1250 0.9375
v 0.066667 -0.047619 0.000000 0.0833 0.1667 0.9167
v 0.066667 -0.028571 -0.063492 0.0000 0.0000 1.0000
v 0.066667 -0.038095 0.015873 0.1042 0.2083 0.8958
v 0.057143 -0.028571 0.015873 0.1042 0.2083 0.8958
v 0.066667 -0.028571 0.031746 0.1250 0.2500 0.8750
v 0.066667 -0.019048 -0.047619 0.0208 0.0417 0.9792
v 0.057143 -0.009524 -0.047619 0.0208 0.0417 0.9792
v 0.066667 -0.009524 -0.031746 0.0417 0.0833 0.9583
v 0.057143 -0.009524 0.015873 0.1042 0.2083 0.8958
v 0.066667 -0.009524 0.031746 0.1250 0.2500 0.8750
v 0.057143 0.009524 -0.047619 0.0208 0.0417 0.9792
v 0.066667 0.009524 -0.031746 0.0417 0.0833 0.9583
v 0.066667 0.000000 0.047619 0.1458 0.2917 0.8542
v 0.057143 0.009524 0.047619 0.1458 0.2917 0.8542
v 0.066667 0.009524 0.063492 0.1667 0.3333 0.8333
v 0.057143 0.028571 -0.047619 0.0208 0.0417 0.9792
v 0.066667 0.028571 -0.031746 0.0417 0.0833 0.9583
v 0.057143 0.028571 0.047619 0.1458 0.2917 0.8542
v 0.066667 0.019048 0.079365 0.1875 0.3750 0.8125
v 0.057143 0.028571 0.079365 0.1875 0.3750 0.8125
v 0.066667 0.028571 0.095238 0.2083 0.4167 0.7917
v 0.057143 0.047619 -0.047619 0.0208 0.0417 0.9792
v 0.066667 0.047619 -0.031746 0.0417 0.0833 0.9583
v 0.057143 0.047619 0.079365 0.1875 0.3750 0.8125
v 0.066667 0.047619 0.095238 0.2083 0.4167 0.7917
v 0.066667 0.066667 -0.031746 0.0417 0.0833 0.9583
v 0.066667 0.057143 0.111111 0.2292 0.4583 0.7708
v 0.057143 0.066667 0.111111 0.2292 0.4583 0.7708
v 0.066667 0.066667 0.126984 0.2500 0.5000 0.7500
v 0.066667 0.085714 -0.031746 0.0417 0.0833 0.9583
v 0.057143 0.085714 0.111111 0.2292 0.4583 0.7708
v 0.066667 0.076190 0.142857 0.2708 0.5417 0.7292
v 0.057143 0.085714 0.142857 0.2708 0.5417 0.7292
v 0.066667 0.085714 0.158730 0.2917 0.5833 0.7083
v 0.066667 0.104762 -0.031746 0.0417 0.0833 0.9583
v 0.057143 0.104762 0.142857 0.2708 0.5417 0.7292
v 0.066667 0.104762 0.158730 0.2917 0.5833 0.7083
v 0.066667 0.123810 -0.031746 0.0417 0.0833 0.9583
v 0.057143 0.123810 0.142857 0.2708 0.5417 0.7292
v 0.066667 0.114286 0.174603 0.3125 0.6250 0.6875
v 0.057143 0.123810 0.174603 0.3125 0.6250 0.6875
v 0.066667 0.123810 0.190476 0.3333 0.6667 0.6667
v 0.066667 0.142857 -0.031746 0.0417 0.0833 0.9583
v 0.057143 0.142857 0.174603 0.3125 0.6250 0.6875
v 0.066667 0.133333 0.206349 0.3542 0.7083 0.6458
v 0.057143 0.142857 0.206349 0.3542 0.7083 0.6458
v 0.066667 0.142857 0.222222 0.3750 0.7500 0.6250
v 0.066667 0.161905 -0.031746 0.0417 0.0833 0.9583
v 0.057143 0.161905 0.206349 0.3542 0.7083 0.6458
v 0.066667 0.152381 0.238095 0.3958 0.7917 0.6042
v 0.057143 0.161905 0.238095 0.3958 0.7917 0.6042
v 0.066667 0.161905 0.253968 0.4167 0.8333 0.5833
v 0.066667 0.180952 -0.031746 0.0417 0.0833 0.9583
v 0.057143 0.180952 0.206349 0.3542 0.7083 0.6458
v 0.057143 0.180952 0.238095 0.3958 0.7917 0.6042
v 0.066667 0.171429 0.269841 0.4375 0.8750 0.5625
v 0.057143 0.180952 0.269841 0.4375 0.8750 0.5625
v 0.066667 0.180952 0.285714 0.4583 0.9167 0.5417
v 0.066667 0.190476 -0.015873 0.0625 0.1250 0.9375
v 0.057143 0.200000 -0.015873 0.0625 0.1250 0.9375
v 0.066667 0.200000 0.000000 0.0833 0.1667 0.9167
v 0.057143 0.200000 0.269841 0.4375 0.8750 0.5625
v 0.066667 0.200000 0.285714 0.4583 0.9167 0.5417
v 0.066667 0.219048 0.000000 0.0833 0.1667 0.9167
v 0.066667 0.209524 0.269841 0.4375 0.8750 0.5625
v 0.066667 0.219048 0.253968 0.4167 0.8333 0.5833
v 0.066667 0.228571 0.015873 0.1042 0.2083 0.8958
v 0.066667 0.228571 0.047619 0.1458 0.2917 0.8542
v 0.057143 0.238095 0.079365 0.1875 0.3750 0.8125
v 0.066667 0.228571 0.079365 0.1875 0.3750 0.8125
v 0.057143 0.238095 0.111111 0.2292 0.4583 0.7708
v 0.066667 0.228571 0.111111 0.2292 0.4583 0.7708
v 0.057143 0.238095 0.142857 0.2708 0.5417 0.7292
v 0.066667 0.228571 0.142857 0.2708 0.5417 0.7292
v 0.057143 0.238095 0.174603 0.3125 0.6250 0.6875
v 0.066667 0.228571 0.174603 0.3125 0.6250 0.6875
v 0.057143 0.238095 0.206349 0.3542 0.7083 0.6458
v 0.066667 0.228571 0.206349 0.3542 0.7083 0.6458
v 0.066667 0.228571 0.238095 0.3958 0.7917 0.6042
v 0.076190 -0.104762 -0.015873 0.0625 0.1250 0.9375
v 0.085714 -0.104762 -0.031746 0.0417 0.0833 0.9583
v 0.085714 -0.114286 -0.015873 0.0625 0.1250 0.9375
v 0.085714 -0.104762 0.000000 0.0833 0.1667 0.9167
v 0.076190 -0.085714 -0.015873 0.0625 0.1250 0.9375
v 0.085714 -0.085714 -0.031746 0.0417 0.0833 0.9583
v 0.085714 -0.085714 0.000000 0.0833 0.1667 0.9167
v 0.085714 -0.066667 -0.031746 0.0417 0.0833 0.9583
v 0.085714 -0.076190 0.015873 0.1042 0.2083 0.8958
v 0.076190 -0.066667 0.015873 0.1042 0.2083 0.8958
v 0.085714 -0.066667 0.031746 0.1250 0.2500 0.8750
v 0.076190 -0.047619 -0.047619 0.0208 0.0417 0.9792
v 0.085714 -0.047619 -0.031746 0.0417 0.0833 0.9583
v 0.076190 -0.047619 0.015873 0.1042 0.2083 0.8958
v 0.085714 -0.047619 0.031746 0.1250 0.2500 0.8750
v 0.076190 -0.028571 -0.047619 0.0208 0.0417 0.9792
v 0.085714 -0.028571 -0.031746 0.0417 0.0833 0.9583
v 0.085714 -0.038095 0.047619 0.1458 0.2917 0.8542
v 0.076190 -0.028571 0.047619 0.1458 0.2917 0.8542
v 0.085714 -0.028571 0.063492 0.1667 0.3333 0.8333
v 0.085714 -0.009524 -0.031746 0.0417 0.0833 0.9583
v 0.076190 -0.009524 0.047619 0.1458 0.2917 0.8542
v 0.085714 -0.009524 0.063492 0.1667 0.3333 0.8333
v 0.085714 0.009524 -0.031746 0.0417 0.0833 0.9583
v 0.085714 0.000000 0.079365 0.1875 0.3750 0.8125
v 0.076190 0.009524 0.079365 0.1875 0.3750 0.8125
v 0.085714 0.009524 0.095238 0.2083 0.4167 0.7917
v 0.085714 0.028571 -0.031746 0.0417 0.0833 0.9583
v 0.085714 0.019048 0.111111 0.2292 0.4583 0.7708
v 0.076190 0.028571 0.111111 0.2292 0.4583 0.7708
v 0.085714 0.028571 0.126984 0.2500 0.5000 0.7500
v 0.085714 0.047619 -0.031746 0.0417 0.0833 0.9583
v 0.076190 0.047619 0.111111 0.2292 0.4583 0.7708
v 0.085714 0.038095 0.142857 0.2708 0.5417 0.7292
v 0.076190 0.047619 0.142857 0.2708 0.5417 0.7292
v 0.085714 0.047619 0.158730 0.2917 0.5833 0.7083
v 0.085714 0.066667 -0.031746 0.0417 0.0833 0.9583
v 0.076190 0.066667 0.142857 0.2708 0.5417 0.7292
v 0.085714 0.066667 0.158730 0.2917 0.5833 0.7083
v 0.085714 0.085714 -0.031746 0.0417 0.0833 0.9583
v 0.085714 0.076190 0.174603 0.3125 0.6250 0.6875
v 0.076190 0.085714 0.174603 0.3125 0.6250 0.6875
v 0.085714 0.085714 0.190476 0.3333 0.6667 0.6667
v 0.085714 0.104762 -0.031746 0.0417 0.0833 0.9583
v 0.076190 0.104762 0.174603 0.3125 0.6250 0.6875
v 0.085714 0.095238 0.206349 0.3542 0.7083 0.6458
v 0.076190 0.104762 0.206349 0.3542 0.7083 0.6458
v 0.085714 0.104762 0.222222 0.3750 0.7500 0.6250
v 0.085714 0.123810 -0.031746 0.0417 0.0833 0.9583
v 0.076190 0.123810 0.206349 0.3542 0.7083 0.6458
v 0.085714 0.114286 0.238095 0.3958 0.7917 0.6042
v 0.076190 0.123810 0.238095 0.3958 0.7917 0.6042
v 0.085714 0.123810 0.253968 0.4167 0.8333 0.5833
v 0.085714 0.142857 -0.031746 0.0417 0.0833 0.9583
v 0.076190 0.142857 0.238095 0.3958 0.7917 0.6042
v 0.085714 0.133333 0.269841 0.4375 0.8750 0.5625
v 0.076190 0.142857 0.269841 0.4375 0.8750 0.5625
v 0.085714 0.142857 0.285714 0.4583 0.9167 0.5417
v 0.085714 0.161905 -0.031746 0.0417 0.0833 0.9583
v 0.076190 0.161905 0.269841 0.4375 0.8750 0.5625
v 0.085714 0.161905 0.285714 0.4583 0.9167 0.5417
v 0.085714 0.171429 -0.015873 0.0625 0.1250 0.9375
v 0.076190 0.180952 -0.015873 0.0625 0.1250 0.9375
v 0.085714 0.180952 0.000000 0.0833 0.1667 0.9167
v 0.085714 0.180952 0.253968 0.4167 0.8333 0.5833
v 0.076190 0.180952 0.269841 0.4375 0.8750 0.5625
v 0.085714 0.171429 0.269841 0.4375 0.8750 0.5625
v 0.076190 0.200000 0.015873 0.1042 0.2083 0.8958
v 0.085714 0.190476 0.015873 0.1042 0.2083 0.8958
v 0.085714 0.200000 0.031746 0.1250 0.2500 0.8750
v 0.076190 0.200000 0.238095 0.3958 0.7917 0.6042
v 0.085714 0.190476 0.238095 0.3958 0.7917 0.6042
v 0.085714 0.200000 0.222222 0.3750 0.7500 0.6250
v 0.076190 0.200000 0.269841 0.4375 0.8750 0.5625
v 0.076190 0.219048 0.015873 0.1042 0.2083 0.8958
v 0.085714 0.209524 0.047619 0.1458 0.2917 0.8542
v 0.076190 0.219048 0.047619 0.1458 0.2917 0.8542
v 0.076190 0.219048 0.079365 0.1875 0.3750 0.8125
v 0.085714 0.209524 0.079365 0.1875 0.3750 0.8125
v 0.076190 0.219048 0.111111 0.2292 0.4583 0.7708
v 0.085714 0.209524 0.111111 0.2292 0.4583 0.7708
v 0.076190 0.219048 0.142857 0.2708 0.5417 0.7292
v 0.085714 0.209524 0.142857 0.2708 0.5417 0.7292
v 0.076190 0.219048 0.174603 0.3125 0.6250 0.6875
v 0.085714 0.209524 0.174603 0.3125 0.6250 0.6875
v 0.076190 0.219048 0.206349 0.3542 0.7083 0.6458
v 0.085714 0.209524 0.206349 0.3542 0.7083 0.6458
v 0.076190 0.219048 0.238095 0.3958 0.7917 0.6042
v 0.095238 -0.123810 -0.015873 0.0625 0.1250 0.9375
v 0.104762 -0.123810 -0.031746 0.0417 0.0833 0.9583
v 0.104762 -0.133333 -0.015873 0.0625 0.1250 0.9375
v 0.104762 -0.123810 0.000000 0.0833 0.1667 0.9167
v 0.095238 -0.104762 -0.047619 0.0208 0.0417 0.9792
v 0.104762 -0.104762 -0.063492 0.0000 0.0000 1.0000
v 0.104762 -0.114286 -0.047619 0.0208 0.0417 0.9792
v 0.104762 -0.114286 0.015873 0.1042 0.2083 0.8958
v 0.095238 -0.104762 0.015873 0.1042 0.2083 0.8958
v 0.104762 -0.104762 0.031746 0.1250 0.2500 0.8750
v 0.104762 -0.095238 -0.047619 0.0208 0.0417 0.9792
v 0.104762 -0.085714 -0.031746 0.0417 0.0833 0.9583
v 0.095238 -0.085714 0.015873 0.1042 0.2083 0.8958
v 0.104762 -0.085714 0.031746 0.1250 0.2500 0.8750
v 0.104762 -0.066667 -0.031746 0.0417 0.0833 0.9583
v 0.104762 -0.076190 0.047619 0.1458 0.2917 0.8542
v 0.095238 -0.066667 0.047619 0.1458 0.2917 0.8542
v 0.104762 -0.066667 0.063492 0.1667 0.3333 0.8333
v 0.104762 -0.047619 -0.031746 0.0417 0.0833 0.9583
v 0.095238 -0.047619 0.047619 0.1458 0.2917 0.8542
v 0.104762 -0.047619 0.063492 0.1667 0.3333 0.8333
v 0.104762 -0.028571 -0.031746 0.0417 0.0833 0.9583
v 0.104762 -0.038095 0.079365 0.1875 0.3750 0.8125
v 0.095238 -0.028571 0.079365 0.1875 0.3750 0.8125
v 0.104762 -0.028571 0.095238 0.2083 0.4167 0.7917
v 0.104762 -0.009524 -0.031746 0.0417 0.0833 0.9583
v 0.095238 -0.009524 0.079365 0.1875 0.3750 0.8125
v 0.104762 -0.019048 0.111111 0.2292 0.4583 0.7708
v 0.095238 -0.009524 0.111111 0.2292 0.4583 0.7708
v 0.104762 -0.009524 0.126984 0.2500 0.5000 0.7500
v 0.104762 0.009524 -0.031746 0.0417 0.0833 0.9583
v 0.095238 0.009524 0.111111 0.2292 0.4583 0.7708
v 0.104762 0.000000 0.142857 0.2708 0.5417 0.7292
v 0.095238 0.009524 0.142857 0.2708 0.5417 0.7292
v 0.104762 0.009524 0.158730 0.2917 0.5833 0.7083
v 0.104762 0.028571 -0.031746 0.0417 0.0833 0.9583
v 0.095238 0.028571 0.142857 0.2708 0.5417 0.7292
v 0.104762 0.028571 0.158730 0.2917 0.5833 0.7083
v 0.104762 0.047619 -0.031746 0.0417 0.0833 0.9583
v 0.104762 0.038095 0.174603 0.3125 0.6250 0.6875
v 0.095238 0.047619 0.174603 0.3125 0.6250 0.6875
v 0.104762 0.047619 0.190476 0.3333 0.6667 0.6667
v 0.104762 0.066667 -0.031746 0.0417 0.0833 0.9583
v 0.095238 0.066667 0.174603 0.3125 0.6250 0.6875
v 0.104762 0.057143 0.206349 0.3542 0.7083 0.6458
v 0.095238 0.066667 0.206349 0.3542 0.7083 0.6458
v 0.104762 0.066667 0.222222 0.3750 0.7500 0.6250
v 0.104762 0.085714 -0.031746 0.0417 0.0833 0.9583
v 0.095238 0.085714 0.206349 0.3542 0.7083 0.6458
v 0.104762 0.076190 0.238095 0.3958 0.7917 0.6042
v 0.095238 0.085714 0.238095 0.3958 0.7917 0.6042
v 0.104762 0.085714 0.253968 0.4167 0.8333 0.5833
v 0.104762 0.104762 -0.031746 0.0417 0.0833 0.9583
v 0.095238 0.104762 0.238095 0.3958 0.7917 0.6042
v 0.104762 0.095238 0.269841 0.4375 0.8750 0.5625
v 0.095238 0.104762 0.269841 0.4375 0.8750 0.5625
v 0.104762 0.104762 0.285714 0.4583 0.9167 0.5417
v 0.104762 0.123810 -0.031746 0.0417 0.0833 0.9583
v 0.095238 0.123810 0.269841 0.4375 0.8750 0.5625
v 0.104762 0.123810 0.285714 0.4583 0.9167 0.5417
v 0.104762 0.142857 -0.031746 0.0417 0.0833 0.9583
v 0.104762 0.142857 0.253968 0.4167 0.8333 0.5833
v 0.095238 0.142857 0.269841 0.4375 0.8750 0.5625
v 0.104762 0.133333 0.269841 0.4375 0.8750 0.5625
v 0.104762 0.161905 -0.031746 0.0417 0.0833 0.9583
v 0.095238 0.161905 0.238095 0.3958 0.7917 0.6042
v 0.104762 0.152381 0.238095 0.3958 0.7917 0.6042
v 0.104762 0.161905 0.222222 0.3750 0.7500 0.6250
v 0.095238 0.161905 0.269841 0.4375 0.8750 0.5625
v 0.104762 0.171429 -0.015873 0.0625 0.1250 0.9375
v 0.104762 0.180952 0.000000 0.0833 0.1667 0.9167
v 0.095238 0.180952 0.238095 0.3958 0.7917 0.6042
v 0.104762 0.180952 0.222222 0.3750 0.7500 0.6250
v 0.104762 0.190476 0.015873 0.1042 0.2083 0.8958
v 0.095238 0.200000 0.047619 0.1458 0.2917 0.8542
v 0.104762 0.190476 0.047619 0.1458 0.2917 0.8542
v 0.104762 0.200000 0.063492 0.1667 0.3333 0.8333
v 0.095238 0.200000 0.206349 0.3542 0.7083 0.6458
v 0.104762 0.190476 0.206349 0.3542 0.7083 0.6458
v 0.104762 0.200000 0.190476 0.3333 0.6667 0.6667
v 0.104762 0.209524 0.079365 0.1875 0.3750 0.8125
v 0.104762 0.209524 0.111111 0.2292 0.4583 0.7708
v 0.104762 0.209524 0.142857 0.2708 0.5417 0.7292
v 0.104762 0.209524 0.174603 0.3125 0.6250 0.6875
v 0.114286 -0.161905 -0.015873 0.0625 0.1250 0.9375
v 0.123810 -0.161905 -0.031746 0.0417 0.0833 0.9583
v 0.123810 -0.171429 -0.015873 0.0625 0.1250 0.9375
v 0.123810 -0.161905 0.000000 0.0833 0.1667 0.9167
v 0.114286 -0.142857 -0.015873 0.0625 0.1250 0.9375
v 0.123810 -0.142857 -0.031746 0.0417 0.0833 0.9583
v 0.123810 -0.152381 0.015873 0.1042 0.2083 0.8958
v 0.114286 -0.142857 0.015873 0.1042 0.2083 0.8958
v 0.123810 -0.142857 0.031746 0.1250 0.2500 0.8750
v 0.123810 -0.123810 -0.031746 0.0417 0.0833 0.9583
v 0.114286 -0.123810 0.015873 0.1042 0.2083 0.8958
v 0.123810 -0.123810 0.031746 0.1250 0.2500 0.8750
v 0.114286 -0.104762 -0.047619 0.0208 0.0417 0.9792
v 0.123810 -0.104762 -0.031746 0.0417 0.0833 0.9583
v 0.123810 -0.114286 0.047619 0.1458 0.2917 0.8542
v 0.114286 -0.104762 0.047619 0.1458 0.2917 0.8542
v 0.123810 -0.104762 0.063492 0.1667 0.3333 0.8333
v 0.114286 -0.085714 -0.015873 0.0625 0.1250 0.9375
v 0.123810 -0.095238 -0.015873 0.0625 0.1250 0.9375
v 0.123810 -0.085714 0.000000 0.0833 0.1667 0.9167
v 0.114286 -0.085714 0.047619 0.1458 0.2917 0.8542
v 0.123810 -0.085714 0.063492 0.1667 0.3333 0.8333
v 0.114286 -0.066667 -0.015873 0.0625 0.1250 0.9375
v 0.123810 -0.066667 0.000000 0.0833 0.1667 0.9167
v 0.123810 -0.076190 0.079365 0.1875 0.3750 0.8125
v 0.114286 -0.066667 0.079365 0.1875 0.3750 0.8125
v 0.123810 -0.066667 0.095238 0.2083 0.4167 0.7917
v 0.114286 -0.047619 -0.015873 0.0625 0.1250 0.9375
v 0.123810 -0.047619 0.000000 0.0833 0.1667 0.9167
v 0.114286 -0.047619 0.079365 0.1875 0.3750 0.8125
v 0.123810 -0.057143 0.111111 0.2292 0.4583 0.7708
v 0.114286 -0.047619 0.111111 0.2292 0.4583 0.7708
v 0.123810 -0.047619 0.126984 0.2500 0.5000 0.7500
v 0.114286 -0.028571 -0.015873 0.0625 0.1250 0.9375
v 0.123810 -0.028571 0.000000 0.0833 0.1667 0.9167
v 0.114286 -0.028571 0.111111 0.2292 0.4583 0.7708
v 0.123810 -0.028571 0.126984 0.2500 0.5000 0.7500
v 0.114286 -0.009524 -0.015873 0.0625 0.1250 0.9375
v 0.123810 -0.009524 0.000000 0.0833 0.1667 0.9167
v 0.123810 -0.019048 0.142857 0.2708 0.5417 0.7292
v 0.114286 -0.009524 0.142857 0.2708 0.5417 0.7292
v 0.123810 -0.009524 0.158730 0.2917 0.5833 0.7083
v 0.114286 0.009524 -0.015873 0.0625 0.1250 0.9375
v 0.123810 0.009524 0.000000 0.0833 0.1667 0.9167
v 0.123810 0.000000 0.174603 0.3125 0.6250 0.6875
v 0.114286 0.009524 0.174603 0.3125 0.6250 0.6875
v 0.123810 0.009524 0.190476 0.3333 0.6667 0.6667
v 0.114286 0.028571 -0.015873 0.0625 0.1250 0.9375
v 0.123810 0.028571 0.000000 0.0833 0.1667 0.9167
v 0.114286 0.028571 0.174603 0.3125 0.6250 0.6875
v 0.123810 0.019048 0.206349 0.3542 0.7083 0.6458
v 0.114286 0.028571 0.206349 0.3542 0.7083 0.6458
v 0.123810 0.028571 0.222222 0.3750 0.7500 0.6250
v 0.114286 0.047619 -0.015873 0.0625 0.1250 0.9375
v 0.123810 0.047619 0.000000 0.0833 0.1667 0.9167
v 0.114286 0.047619 0.206349 0.3542 0.7083 0.6458
v 0.123810 0.038095 0.238095 0.3958 0.7917 0.6042
v 0.114286 0.047619 0.238095 0.3958 0.7917 0.6042
v 0.123810 0.047619 0.253968 0.4167 0.8333 0.5833
v 0.114286 0.066667 -0.015873 0.0625 0.1250 0.9375
v 0.123810 0.066667 0.000000 0.0833 0.1667 0.9167
v 0.114286 0.066667 0.238095 0.3958 0.7917 0.6042
v 0.123810 0.057143 0.269841 0.4375 0.8750 0.5625
v 0.114286 0.066667 0.269841 0.4375 0.8750 0.5625
v 0.123810 0.066667 0.285714 0.4583 0.9167 0.5417
v 0.114286 0.085714 -0.015873 0.0625 0.1250 0.9375
v 0.123810 0.085714 0.000000 0.0833 0.1667 0.9167
v 0.114286 0.085714 0.269841 0.4375 0.8750 0.5625
v 0.123810 0.085714 0.285714 0.4583 0.9167 0.5417
v 0.114286 0.104762 -0.015873 0.0625 0.1250 0.9375
v 0.123810 0.104762 0.000000 0.0833 0.1667 0.9167
v 0.123810 0.104762 0.253968 0.4167 0.8333 0.5833
v 0.114286 0.104762 0.269841 0.4375 0.8750 0.5625
v 0.123810 0.095238 0.269841 0.4375 0.8750 0.5625
v 0.114286 0.123810 -0.015873 0.0625 0.1250 0.9375
v 0.123810 0.123810 0.000000 0.0833 0.1667 0.9167
v 0.114286 0.123810 0.238095 0.3958 0.7917 0.6042
v 0.123810 0.114286 0.238095 0.3958 0.7917 0.6042
v 0.123810 0.123810 0.222222 0.3750 0.7500 0.6250
v 0.114286 0.123810 0.269841 0.4375 0.8750 0.5625
v 0.114286 0.123810 0.650794 0.9375 0.1250 0.0625
v 0.123810 0.123810 0.634921 0.9167 0.1667 0.0833
v 0.123810 0.114286 0.650794 0.9375 0.1250 0.0625
v 0.123810 0.123810 0.666667 0.9583 0.0833 0.0417
v 0.114286 0.142857 -0.015873 0.0625 0.1250 0.9375
v 0.123810 0.142857 0.000000 0.0833 0.1667 0.9167
v 0.114286 0.142857 0.238095 0.3958 0.7917 0.6042
v 0.123810 0.142857 0.222222 0.3750 0.7500 0.6250
v 0.123810 0.133333 0.650794 0.9375 0.1250 0.0625
v 0.114286 0.161905 -0.015873 0.0625 0.1250 0.9375
v 0.123810 0.161905 0.000000 0.0833 0.1667 0.9167
v 0.114286 0.161905 0.206349 0.3542 0.7083 0.6458
v 0.123810 0.152381 0.206349 0.3542 0.7083 0.6458
v 0.123810 0.161905 0.190476 0.3333 0.6667 0.6667
v 0.114286 0.180952 0.015873 0.1042 0.2083 0.8958
v 0.123810 0.171429 0.015873 0.1042 0.2083 0.8958
v 0.123810 0.180952 0.031746 0.1250 0.2500 0.8750
v 0.114286 0.180952 0.174603 0.3125 0.6250 0.6875
v 0.123810 0.171429 0.174603 0.3125 0.6250 0.6875
v 0.123810 0.180952 0.158730 0.2917 0.5833 0.7083
v 0.114286 0.180952 0.206349 0.3542 0.7083 0.6458
v 0.123810 0.190476 0.047619 0.1458 0.2917 0.8542
v 0.114286 0.200000 0.079365 0.1875 0.3750 0.8125
v 0.123810 0.190476 0.079365 0.1875 0.3750 0.8125
v 0.114286 0.200000 0.111111 0.2292 0.4583 0.7708
v 0.123810 0.190476 0.111111 0.2292 0.4583 0.7708
v 0.114286 0.200000 0.142857 0.2708 0.5417 0.7292
v 0.123810 0.190476 0.142857 0.2708 0.5417 0.7292
v 0.114286 0.200000 0.174603 0.3125 0.6250 0.6875
v 0.133333 -0.180952 0.015873 0.1042 0.2083 0.8958
v 0.142857 -0.180952 0.000000 0.0833 0.1667 0.9167
v 0.142857 -0.190476 0.015873 0.1042 0.2083 0.8958
v 0.142857 -0.180952 0.031746 0.1250 0.2500 0.8750
v 0.133333 -0.161905 -0.015873 0.0625 0.1250 0.9375
v 0.142857 -0.161905 0.000000 0.0833 0.1667 0.9167
v 0.133333 -0.161905 0.015873 0.1042 0.2083 0.8958
v 0.142857 -0.161905 0.031746 0.1250 0.2500 0.8750
v 0.133333 -0.142857 -0.015873 0.0625 0.1250 0.9375
v 0.133333 -0.152381 0.000000 0.0833 0.1667 0.9167
v 0.142857 -0.142857 0.000000 0.0833 0.1667 0.9167
v 0.142857 -0.152381 0.047619 0.1458 0.2917 0.8542
v 0.133333 -0.142857 0.047619 0.1458 0.2917 0.8542
v 0.142857 -0.142857 0.063492 0.1667 0.3333 0.8333
v 0.133333 -0.123810 -0.015873 0.0625 0.1250 0.9375
v 0.142857 -0.123810 0.000000 0.0833 0.1667 0.9167
v 0.133333 -0.123810 0.047619 0.1458 0.2917 0.8542
v 0.142857 -0.123810 0.063492 0.1667 0.3333 0.8333
v 0.133333 -0.104762 -0.015873 0.0625 0.1250 0.9375
v 0.142857 -0.104762 0.000000 0.0833 0.1667 0.9167
v 0.142857 -0.114286 0.079365 0.1875 0.3750 0.8125
v 0.133333 -0.104762 0.079365 0.1875 0.3750 0.8125
v 0.142857 -0.104762 0.095238 0.2083 0.4167 0.7917
v 0.142857 -0.085714 0.000000 0.0833 0.1667 0.9167
v 0.133333 -0.085714 0.079365 0.1875 0.3750 0.8125
v 0.142857 -0.095238 0.111111 0.2292 0.4583 0.7708
v 0.133333 -0.085714 0.111111 0.2292 0.4583 0.7708
v 0.142857 -0.085714 0.126984 0.2500 0.5000 0.7500
v 0.142857 -0.066667 0.000000 0.0833 0.1667 0.9167
v 0.133333 -0.066667 0.111111 0.2292 0.4583 0.7708
v 0.142857 -0.066667 0.126984 0.2500 0.5000 0.7500
v 0.142857 -0.057143 0.015873 0.1042 0.2083 0.8958
v 0.133333 -0.047619 0.015873 0.1042 0.2083 0.8958
v 0.142857 -0.047619 0.031746 0.1250 0.2500 0.8750
v 0.142857 -0.057143 0.142857 0.2708 0.5417 0.7292
v 0.133333 -0.047619 0.142857 0.2708 0.5417 0.7292
v 0.142857 -0.047619 0.158730 0.2917 0.5833 0.7083
v 0.133333 -0.028571 0.015873 0.1042 0.2083 0.8958
v 0.142857 -0.028571 0.031746 0.1250 0.2500 0.8750
v 0.133333 -0.028571 0.142857 0.2708 0.5417 0.7292
v 0.142857 -0.038095 0.174603 0.3125 0.6250 0.6875
v 0.133333 -0.028571 0.174603 0.3125 0.6250 0.6875
v 0.142857 -0.028571 0.190476 0.3333 0.6667 0.6667
v 0.133333 -0.009524 0.015873 0.1042 0.2083 0.8958
v 0.142857 -0.009524 0.031746 0.1250 0.2500 0.8750
v 0.133333 -0.009524 0.174603 0.3125 0.6250 0.6875
v 0.142857 -0.019048 0.206349 0.3542 0.7083 0.6458
v 0.133333 -0.009524 0.206349 0.3542 0.7083 0.6458
v 0.142857 -0.009524 0.222222 0.3750 0.7500 0.6250
v 0.133333 0.009524 0.015873 0.1042 0.2083 0.8958
v 0.142857 0.009524 0.031746 0.1250 0.2500 0.8750
v 0.133333 0.009524 0.206349 0.3542 0.7083 0.6458
v 0.142857 0.000000 0.238095 0.3958 0.7917 0.6042
v 0.133333 0.009524 0.238095 0.3958 0.7917 0.6042
v 0.142857 0.009524 0.253968 0.4167 0.8333 0.5833
v 0.133333 0.028571 0.015873 0.1042 0.2083 0.8958
v 0.142857 0.028571 0.031746 0.1250 0.2500 0.8750
v 0.133333 0.028571 0.238095 0.3958 0.7917 0.6042
v 0.142857 0.019048 0.269841 0.4375 0.8750 0.5625
v 0.133333 0.028571 0.269841 0.4375 0.8750 0.5625
v 0.142857 0.028571 0.285714 0.4583 0.9167 0.5417
v 0.133333 0.047619 0.015873 0.1042 0.2083 0.8958
v 0.142857 0.047619 0.031746 0.1250 0.2500 0.8750
v 0.133333 0.047619 0.269841 0.4375 0.8750 0.5625
v 0.142857 0.047619 0.285714 0.4583 0.9167 0.5417
v 0.133333 0.066667 0.015873 0.1042 0.2083 0.8958
v 0.142857 0.066667 0.031746 0.1250 0.2500 0.8750
v 0.142857 0.066667 0.253968 0.4167 0.8333 0.5833
v 0.133333 0.066667 0.269841 0.4375 0.8750 0.5625
v 0.142857 0.057143 0.269841 0.4375 0.8750 0.5625
v 0.133333 0.085714 0.015873 0.1042 0.2083 0.8958
v 0.142857 0.085714 0.031746 0.1250 0.2500 0.8750
v 0.133333 0.085714 0.238095 0.3958 0.7917 0.6042
v 0.142857 0.076190 0.238095 0.3958 0.7917 0.6042
v 0.142857 0.085714 0.222222 0.3750 0.7500 0.6250
v 0.133333 0.085714 0.269841 0.4375 0.8750 0.5625
v 0.133333 0.104762 0.015873 0.1042 0.2083 0.8958
v 0.142857 0.095238 0.047619 0.1458 0.2917 0.8542
v 0.133333 0.104762 0.047619 0.1458 0.2917 0.8542
v 0.142857 0.104762 0.063492 0.1667 0.3333 0.8333
v 0.133333 0.104762 0.238095 0.3958 0.7917 0.6042
v 0.142857 0.104762 0.222222 0.3750 0.7500 0.6250
v 0.133333 0.123810 0.015873 0.1042 0.2083 0.8958
v 0.133333 0.123810 0.047619 0.1458 0.2917 0.8542
v 0.142857 0.123810 0.063492 0.1667 0.3333 0.8333
v 0.133333 0.123810 0.206349 0.3542 0.7083 0.6458
v 0.142857 0.114286 0.206349 0.3542 0.7083 0.6458
v 0.142857 0.123810 0.190476 0.3333 0.6667 0.6667
v 0.133333 0.123810 0.650794 0.9375 0.1250 0.0625
v 0.133333 0.142857 0.015873 0.1042 0.2083 0.8958
v 0.133333 0.142857 0.047619 0.1458 0.2917 0.8542
v 0.142857 0.142857 0.063492 0.1667 0.3333 0.8333
v 0.133333 0.142857 0.174603 0.3125 0.6250 0.6875
v 0.142857 0.133333 0.174603 0.3125 0.6250 0.6875
v 0.142857 0.142857 0.158730 0.2917 0.5833 0.7083
v 0.133333 0.142857 0.206349 0.3542 0.7083 0.6458
v 0.133333 0.161905 0.015873 0.1042 0.2083 0.8958
v 0.133333 0.161905 0.047619 0.1458 0.2917 0.8542
v 0.142857 0.161905 0.063492 0.1667 0.3333 0.8333
v 0.133333 0.161905 0.174603 0.3125 0.6250 0.6875
v 0.142857 0.161905 0.158730 0.2917 0.5833 0.7083
v 0.133333 0.180952 0.047619 0.1458 0.2917 0.8542
v 0.142857 0.171429 0.079365 0.1875 0.3750 0.8125
v 0.133333 0.180952 0.079365 0.1875 0.3750 0.8125
v 0.133333 0.180952 0.111111 0.2292 0.4583 0.7708
v 0.142857 0.171429 0.111111 0.2292 0.4583 0.7708
v 0.133333 0.180952 0.142857 0.2708 0.5417 0.7292
v 0.142857 0.171429 0.142857 0.2708 0.5417 0.7292
v 0.152381 -0.180952 0.015873 0.1042 0.2083 0.8958
v 0.161905 -0.190476 0.047619 0.1458 0.2917 0.8542
v 0.161905 -0.180952 0.031746 0.1250 0.2500 0.8750
v 0.152381 -0.180952 0.047619 0.1458 0.2917 0.8542
v 0.161905 -0.180952 0.063492 0.1667 0.3333 0.8333
v 0.152381 -0.161905 0.015873 0.1042 0.2083 0.8958
v 0.152381 -0.161905 0.047619 0.1458 0.2917 0.8542
v 0.161905 -0.161905 0.031746 0.1250 0.2500 0.8750
v 0.161905 -0.171429 0.079365 0.1875 0.3750 0.8125
v 0.152381 -0.161905 0.079365 0.1875 0.3750 0.8125
v 0.161905 -0.161905 0.095238 0.2083 0.4167 0.7917
v 0.152381 -0.142857 0.015873 0.1042 0.2083 0.8958
v 0.152381 -0.152381 0.031746 0.1250 0.2500 0.8750
v 0.161905 -0.142857 0.031746 0.1250 0.2500 0.8750
v 0.152381 -0.142857 0.079365 0.1875 0.3750 0.8125
v 0.161905 -0.142857 0.095238 0.2083 0.4167 0.7917
v 0.152381 -0.123810 0.015873 0.1042 0.2083 0.8958
v 0.161905 -0.123810 0.031746 0.1250 0.2500 0.8750
v 0.152381 -0.123810 0.079365 0.1875 0.3750 0.8125
v 0.161905 -0.133333 0.111111 0.2292 0.4583 0.7708
v 0.152381 -0.123810 0.111111 0.2292 0.4583 0.7708
v 0.161905 -0.123810 0.126984 0.2500 0.5000 0.7500
v 0.152381 -0.104762 0.015873 0.1042 0.2083 0.8958
v 0.161905 -0.104762 0.031746 0.1250 0.2500 0.8750
v 0.152381 -0.104762 0.111111 0.2292 0.4583 0.7708
v 0.161905 -0.104762 0.126984 0.2500 0.5000 0.7500
v 0.152381 -0.085714 0.015873 0.1042 0.2083 0.8958
v 0.161905 -0.085714 0.031746 0.1250 0.2500 0.8750
v 0.161905 -0.095238 0.142857 0.2708 0.5417 0.7292
v 0.152381 -0.085714 0.142857 0.2708 0.5417 0.7292
v 0.161905 -0.085714 0.158730 0.2917 0.5833 0.7083
v 0.152381 -0.066667 0.015873 0.1042 0.2083 0.8958
v 0.161905 -0.076190 0.047619 0.1458 0.2917 0.8542
v 0.152381 -0.066667 0.047619 0.1458 0.2917 0.8542
v 0.161905 -0.066667 0.063492 0.1667 0.3333 0.8333
v 0.152381 -0.066667 0.142857 0.2708 0.5417 0.7292
v 0.161905 -0.066667 0.158730 0.2917 0.5833 0.7083
v 0.152381 -0.047619 0.047619 0.1458 0.2917 0.8542
v 0.161905 -0.047619 0.063492 0.1667 0.3333 0.8333
v 0.161905 -0.057143 0.174603 0.3125 0.6250 0.6875
v 0.152381 -0.047619 0.174603 0.3125 0.6250 0.6875
v 0.161905 -0.047619 0.190476 0.3333 0.6667 0.6667
v 0.152381 -0.028571 0.047619 0.1458 0.2917 0.8542
v 0.161905 -0.028571 0.063492 0.1667 0.3333 0.8333
v 0.161905 -0.038095 0.206349 0.3542 0.7083 0.6458
v 0.152381 -0.028571 0.206349 0.3542 0.7083 0.6458
v 0.161905 -0.038095 0.238095 0.3958 0.7917 0.6042
v 0.152381 -0.028571 0.238095 0.3958 0.7917 0.6042
v 0.161905 -0.028571 0.253968 0.4167 0.8333 0.5833
v 0.152381 -0.009524 0.047619 0.1458 0.2917 0.8542
v 0.161905 -0.009524 0.063492 0.1667 0.3333 0.8333
v 0.152381 -0.009524 0.238095 0.3958 0.7917 0.6042
v 0.161905 -0.019048 0.269841 0.4375 0.8750 0.5625
v 0.152381 -0.009524 0.269841 0.4375 0.8750 0.5625
v 0.161905 -0.009524 0.285714 0.4583 0.9167 0.5417
v 0.152381 0.009524 0.047619 0.1458 0.2917 0.8542
v 0.161905 0.000000 0.079365 0.1875 0.3750 0.8125
v 0.152381 0.009524 0.079365 0.1875 0.3750 0.8125
v 0.161905 0.009524 0.095238 0.2083 0.4167 0.7917
v 0.152381 0.009524 0.269841 0.4375 0.8750 0.5625
v 0.161905 0.009524 0.285714 0.4583 0.9167 0.5417
v 0.152381 0.028571 0.047619 0.1458 0.2917 0.8542
v 0.152381 0.028571 0.079365 0.1875 0.3750 0.8125
v 0.161905 0.028571 0.095238 0.2083 0.4167 0.7917
v 0.161905 0.028571 0.253968 0.4167 0.8333 0.5833
v 0.152381 0.028571 0.269841 0.4375 0.8750 0.5625
v 0.161905 0.019048 0.269841 0.4375 0.8750 0.5625
v 0.152381 0.047619 0.047619 0.1458 0.2917 0.8542
v 0.152381 0.047619 0.079365 0.1875 0.3750 0.8125
v 0.161905 0.047619 0.095238 0.2083 0.4167 0.7917
v 0.152381 0.047619 0.269841 0.4375 0.8750 0.5625
v 0.161905 0.047619 0.253968 0.4167 0.8333 0.5833
v 0.152381 0.066667 0.047619 0.1458 0.2917 0.8542
v 0.152381 0.066667 0.079365 0.1875 0.3750 0.8125
v 0.161905 0.066667 0.095238 0.2083 0.4167 0.7917
v 0.152381 0.066667 0.238095 0.3958 0.7917 0.6042
v 0.161905 0.057143 0.238095 0.3958 0.7917 0.6042
v 0.161905 0.066667 0.222222 0.3750 0.7500 0.6250
v 0.152381 0.085714 0.047619 0.1458 0.2917 0.8542
v 0.152381 0.085714 0.079365 0.1875 0.3750 0.8125
v 0.161905 0.085714 0.095238 0.2083 0.4167 0.7917
v 0.152381 0.085714 0.206349 0.3542 0.7083 0.6458
v 0.161905 0.076190 0.206349 0.3542 0.7083 0.6458
v 0.161905 0.085714 0.190476 0.3333 0.6667 0.6667
v 0.152381 0.104762 0.079365 0.1875 0.3750 0.8125
v 0.161905 0.104762 0.095238 0.2083 0.4167 0.7917
v 0.152381 0.104762 0.174603 0.3125 0.6250 0.6875
v 0.161905 0.095238 0.174603 0.3125 0.6250 0.6875
v 0.161905 0.104762 0.158730 0.2917 0.5833 0.7083
v 0.152381 0.104762 0.206349 0.3542 0.7083 0.6458
v 0.152381 0.123810 0.079365 0.1875 0.3750 0.8125
v 0.161905 0.123810 0.095238 0.2083 0.4167 0.7917
v 0.152381 0.123810 0.174603 0.3125 0.6250 0.6875
v 0.161905 0.123810 0.158730 0.2917 0.5833 0.7083
v 0.152381 0.142857 0.079365 0.1875 0.3750 0.8125
v 0.161905 0.142857 0.095238 0.2083 0.4167 0.7917
v 0.152381 0.142857 0.142857 0.2708 0.5417 0.7292
v 0.161905 0.133333 0.142857 0.2708 0.5417 0.7292
v 0.161905 0.142857 0.126984 0.2500 0.5000 0.7500
v 0.152381 0.161905 0.079365 0.1875 0.3750 0.8125
v 0.161905 0.161905 0.095238 0.2083 0.4167 0.7917
v 0.152381 0.161905 0.142857 0.2708 0.5417 0.7292
v 0.161905 0.161905 0.126984 0.2500 0.5000 0.7500
v 0.161905 0.171429 0.111111 0.2292 0.4583 0.7708
v 0.171429 -0.180952 0.047619 0.1458 0.2917 0.8542
v 0.171429 -0.161905 0.047619 0.1458 0.2917 0.8542
v 0.171429 -0.161905 0.079365 0.1875 0.3750 0.8125
v 0.180952 -0.171429 0.111111 0.2292 0.4583 0.7708
v 0.180952 -0.161905 0.095238 0.2083 0.4167 0.7917
v 0.171429 -0.161905 0.111111 0.2292 0.4583 0.7708
v 0.180952 -0.161905 0.126984 0.2500 0.5000 0.7500
v 0.171429 -0.142857 0.047619 0.1458 0.2917 0.8542
v 0.171429 -0.142857 0.079365 0.1875 0.3750 0.8125
v 0.171429 -0.142857 0.111111 0.2292 0.4583 0.7708
v 0.180952 -0.142857 0.095238 0.2083 0.4167 0.7917
v 0.180952 -0.142857 0.126984 0.2500 0.5000 0.7500
v 0.171429 -0.123810 0.047619 0.1458 0.2917 0.8542
v 0.171429 -0.123810 0.079365 0.1875 0.3750 0.8125
v 0.171429 -0.133333 0.095238 0.2083 0.4167 0.7917
v 0.180952 -0.123810 0.095238 0.2083 0.4167 0.7917
v 0.180952 -0.133333 0.142857 0.2708 0.5417 0.7292
v 0.171429 -0.123810 0.142857 0.2708 0.5417 0.7292
v 0.180952 -0.123810 0.158730 0.2917 0.5833 0.7083
v 0.171429 -0.104762 0.047619 0.1458 0.2917 0.8542
v 0.171429 -0.104762 0.079365 0.1875 0.3750 0.8125
v 0.180952 -0.104762 0.095238 0.2083 0.4167 0.7917
v 0.171429 -0.104762 0.142857 0.2708 0.5417 0.7292
v 0.180952 -0.104762 0.158730 0.2917 0.5833 0.7083
v 0.171429 -0.085714 0.047619 0.1458 0.2917 0.8542
v 0.171429 -0.085714 0.079365 0.1875 0.3750 0.8125
v 0.180952 -0.085714 0.095238 0.2083 0.4167 0.7917
v 0.180952 -0.095238 0.174603 0.3125 0.6250 0.6875
v 0.171429 -0.085714 0.174603 0.3125 0.6250 0.6875
v 0.180952 -0.085714 0.190476 0.3333 0.6667 0.6667
v 0.171429 -0.066667 0.079365 0.1875 0.3750 0.8125
v 0.180952 -0.066667 0.095238 0.2083 0.4167 0.7917
v 0.171429 -0.066667 0.174603 0.3125 0.6250 0.6875
v 0.180952 -0.076190 0.206349 0.3542 0.7083 0.6458
v 0.171429 -0.066667 0.206349 0.3542 0.7083 0.6458
v 0.180952 -0.066667 0.222222 0.3750 0.7500 0.6250
v 0.171429 -0.047619 0.079365 0.1875 0.3750 0.8125
v 0.180952 -0.057143 0.111111 0.2292 0.4583 0.7708
v 0.171429 -0.047619 0.111111 0.2292 0.4583 0.7708
v 0.180952 -0.047619 0.126984 0.2500 0.5000 0.7500
v 0.171429 -0.047619 0.206349 0.3542 0.7083 0.6458
v 0.180952 -0.057143 0.238095 0.3958 0.7917 0.6042
v 0.171429 -0.047619 0.238095 0.3958 0.7917 0.6042
v 0.180952 -0.057143 0.269841 0.4375 0.8750 0.5625
v 0.171429 -0.047619 0.269841 0.4375 0.8750 0.5625
v 0.180952 -0.047619 0.285714 0.4583 0.9167 0.5417
v 0.171429 -0.028571 0.079365 0.1875 0.3750 0.8125
v 0.171429 -0.028571 0.111111 0.2292 0.4583 0.7708
v 0.180952 -0.028571 0.126984 0.2500 0.5000 0.7500
v 0.171429 -0.028571 0.269841 0.4375 0.8750 0.5625
v 0.180952 -0.028571 0.285714 0.4583 0.9167 0.5417
v 0.171429 -0.009524 0.079365 0.1875 0.3750 0.8125
v 0.171429 -0.009524 0.111111 0.2292 0.4583 0.7708
v 0.180952 -0.009524 0.126984 0.2500 0.5000 0.7500
v 0.180952 -0.009524 0.253968 0.4167 0.8333 0.5833
v 0.171429 -0.009524 0.269841 0.4375 0.8750 0.5625
v 0.180952 -0.019048 0.269841 0.4375 0.8750 0.5625
v 0.171429 0.009524 0.111111 0.2292 0.4583 0.7708
v 0.180952 0.009524 0.126984 0.2500 0.5000 0.7500
v 0.171429 0.009524 0.269841 0.4375 0.8750 0.5625
v 0.180952 0.009524 0.253968 0.4167 0.8333 0.5833
v 0.171429 0.028571 0.111111 0.2292 0.4583 0.7708
v 0.180952 0.028571 0.126984 0.2500 0.5000 0.7500
v 0.171429 0.028571 0.238095 0.3958 0.7917 0.6042
v 0.180952 0.019048 0.238095 0.3958 0.7917 0.6042
v 0.180952 0.028571 0.222222 0.3750 0.7500 0.6250
v 0.171429 0.047619 0.111111 0.2292 0.4583 0.7708
v 0.180952 0.047619 0.126984 0.2500 0.5000 0.7500
v 0.171429 0.047619 0.206349 0.3542 0.7083 0.6458
v 0.180952 0.038095 0.206349 0.3542 0.7083 0.6458
v 0.180952 0.047619 0.190476 0.3333 0.6667 0.6667
v 0.171429 0.047619 0.238095 0.3958 0.7917 0.6042
v 0.171429 0.066667 0.111111 0.2292 0.4583 0.7708
v 0.180952 0.066667 0.126984 0.2500 0.5000 0.7500
v 0.171429 0.066667 0.174603 0.3125 0.6250 0.6875
v 0.180952 0.057143 0.174603 0.3125 0.6250 0.6875
v 0.180952 0.066667 0.158730 0.2917 0.5833 0.7083
v 0.171429 0.066667 0.206349 0.3542 0.7083 0.6458
v 0.171429 0.085714 0.111111 0.2292 0.4583 0.7708
v 0.180952 0.085714 0.126984 0.2500 0.5000 0.7500
v 0.171429 0.085714 0.174603 0.3125 0.6250 0.6875
v 0.180952 0.085714 0.158730 0.2917 0.5833 0.7083
v 0.171429 0.104762 0.111111 0.2292 0.4583 0.7708
v 0.180952 0.095238 0.142857 0.2708 0.5417 0.7292
v 0.171429 0.104762 0.142857 0.2708 0.5417 0.7292
v 0.171429 0.123810 0.111111 0.2292 0.4583 0.7708
v 0.171429 0.123810 0.142857 0.2708 0.5417 0.7292
v 0.171429 0.142857 0.111111 0.2292 0.4583 0.7708
v 0.171429 0.161905 0.111111 0.2292 0.4583 0.7708
v 0.190476 -0.161905 0.111111 0.2292 0.4583 0.7708
v 0.190476 -0.142857 0.111111 0.2292 0.4583 0.7708
v 0.190476 -0.123810 0.111111 0.2292 0.4583 0.7708
v 0.190476 -0.123810 0.142857 0.2708 0.5417 0.7292
v 0.190476 -0.104762 0.111111 0.2292 0.4583 0.7708
v 0.190476 -0.104762 0.142857 0.2708 0.5417 0.7292
v 0.190476 -0.104762 0.174603 0.3125 0.6250 0.6875
v 0.200000 -0.114286 0.174603 0.3125 0.6250 0.6875
v 0.200000 -0.104762 0.158730 0.2917 0.5833 0.7083
v 0.200000 -0.104762 0.190476 0.3333 0.6667 0.6667
v 0.190476 -0.085714 0.111111 0.2292 0.4583 0.7708
v 0.190476 -0.085714 0.142857 0.2708 0.5417 0.7292
v 0.200000 -0.095238 0.174603 0.3125 0.6250 0.6875
v 0.190476 -0.085714 0.174603 0.3125 0.6250 0.6875
v 0.190476 -0.085714 0.206349 0.3542 0.7083 0.6458
v 0.200000 -0.085714 0.190476 0.3333 0.6667 0.6667
v 0.200000 -0.095238 0.206349 0.3542 0.7083 0.6458
v 0.200000 -0.085714 0.222222 0.3750 0.7500 0.6250
v 0.190476 -0.066667 0.111111 0.2292 0.4583 0.7708
v 0.190476 -0.066667 0.142857 0.2708 0.5417 0.7292
v 0.190476 -0.066667 0.174603 0.3125 0.6250 0.6875
v 0.190476 -0.076190 0.190476 0.3333 0.6667 0.6667
v 0.200000 -0.066667 0.190476 0.3333 0.6667 0.6667
v 0.200000 -0.076190 0.238095 0.3958 0.7917 0.6042
v 0.190476 -0.066667 0.238095 0.3958 0.7917 0.6042
v 0.200000 -0.066667 0.253968 0.4167 0.8333 0.5833
v 0.190476 -0.047619 0.142857 0.2708 0.5417 0.7292
v 0.190476 -0.047619 0.174603 0.3125 0.6250 0.6875
v 0.200000 -0.047619 0.190476 0.3333 0.6667 0.6667
v 0.200000 -0.047619 0.253968 0.4167 0.8333 0.5833
v 0.190476 -0.047619 0.269841 0.4375 0.8750 0.5625
v 0.190476 -0.028571 0.142857 0.2708 0.5417 0.7292
v 0.190476 -0.028571 0.174603 0.3125 0.6250 0.6875
v 0.200000 -0.028571 0.190476 0.3333 0.6667 0.6667
v 0.190476 -0.028571 0.269841 0.4375 0.8750 0.5625
v 0.200000 -0.028571 0.253968 0.4167 0.8333 0.5833
v 0.190476 -0.009524 0.142857 0.2708 0.5417 0.7292
v 0.190476 -0.009524 0.174603 0.3125 0.6250 0.6875
v 0.200000 -0.009524 0.190476 0.3333 0.6667 0.6667
v 0.190476 -0.009524 0.238095 0.3958 0.7917 0.6042
v 0.200000 -0.019048 0.238095 0.3958 0.7917 0.6042
v 0.200000 -0.009524 0.222222 0.3750 0.7500 0.6250
v 0.190476 0.009524 0.142857 0.2708 0.5417 0.7292
v 0.190476 0.009524 0.174603 0.3125 0.6250 0.6875
v 0.200000 0.000000 0.206349 0.3542 0.7083 0.6458
v 0.190476 0.009524 0.206349 0.3542 0.7083 0.6458
v 0.190476 0.009524 0.238095 0.3958 0.7917 0.6042
v 0.190476 0.028571 0.142857 0.2708 0.5417 0.7292
v 0.190476 0.028571 0.174603 0.3125 0.6250 0.6875
v 0.190476 0.028571 0.206349 0.3542 0.7083 0.6458
v 0.190476 0.047619 0.142857 0.2708 0.5417 0.7292
v 0.190476 0.047619 0.174603 0.3125 0.6250 0.6875
v 0.190476 0.066667 0.142857 0.2708 0.5417 0.7292
v 0.190476 0.085714 0.142857 0.2708 0.5417 0.7292
v 0.209524 -0.104762 0.174603 0.3125 0.6250 0.6875
v 0.209524 -0.085714 0.206349 0.3542 0.7083 0.6458
v 0.209524 -0.066667 0.206349 0.3542 0.7083 0.6458
v 0.209524 -0.066667 0.238095 0.3958 0.7917 0.6042
v 0.209524 -0.047619 0.206349 0.3542 0.7083 0.6458
v 0.209524 -0.047619 0.238095 0.3958 0.7917 0.6042
v 0.209524 -0.028571 0.206349 0.3542 0.7083 0.6458
v 0.209524 -0.028571 0.238095 0.3958 0.7917 0.6042
v 0.209524 -0.009524 0.206349 0.3542 0.7083 0.6458
v 0.247619 -0.085714 -0.015873 0.0625 0.1250 0.9375
v 0.257143 -0.085714 -0.031746 0.0417 0.0833 0.9583
v 0.257143 -0.095238 -0.015873 0.0625 0.1250 0.9375
v 0.257143 -0.095238 0.015873 0.1042 0.2083 0.8958
v 0.247619 -0.085714 0.015873 0.1042 0.2083 0.8958
v 0.257143 -0.085714 0.031746 0.1250 0.2500 0.8750
v 0.247619 -0.066667 -0.015873 0.0625 0.1250 0.9375
v 0.257143 -0.066667 -0.031746 0.0417 0.0833 0.9583
v 0.247619 -0.066667 0.015873 0.1042 0.2083 0.8958
v 0.257143 -0.066667 0.031746 0.1250 0.2500 0.8750
v 0.247619 -0.047619 -0.015873 0.0625 0.1250 0.9375
v 0.257143 -0.047619 -0.031746 0.0417 0.0833 0.9583
v 0.247619 -0.047619 0.015873 0.1042 0.2083 0.8958
v 0.257143 -0.057143 0.047619 0.1458 0.2917 0.8542
v 0.247619 -0.047619 0.047619 0.1458 0.2917 0.8542
v 0.257143 -0.047619 0.063492 0.1667 0.3333 0.8333
v 0.247619 -0.028571 -0.015873 0.0625 0.1250 0.9375
v 0.257143 -0.028571 -0.031746 0.0417 0.0833 0.9583
v 0.247619 -0.028571 0.015873 0.1042 0.2083 0.8958
v 0.247619 -0.028571 0.047619 0.1458 0.2917 0.8542
v 0.257143 -0.028571 0.063492 0.1667 0.3333 0.8333
v 0.247619 -0.009524 -0.015873 0.0625 0.1250 0.9375
v 0.257143 -0.009524 -0.031746 0.0417 0.0833 0.9583
v 0.247619 -0.009524 0.015873 0.1042 0.2083 0.8958
v 0.247619 -0.009524 0.047619 0.1458 0.2917 0.8542
v 0.257143 -0.009524 0.063492 0.1667 0.3333 0.8333
v 0.247619 0.009524 -0.015873 0.0625 0.1250 0.9375
v 0.257143 0.009524 -0.031746 0.0417 0.0833 0.9583
v 0.247619 0.009524 0.015873 0.1042 0.2083 0.8958
v 0.247619 0.009524 0.047619 0.1458 0.2917 0.8542
v 0.257143 0.009524 0.063492 0.1667 0.3333 0.8333
v 0.247619 0.028571 -0.015873 0.0625 0.1250 0.9375
v 0.257143 0.028571 -0.031746 0.0417 0.0833 0.9583
v 0.247619 0.028571 0.015873 0.1042 0.2083 0.8958
v 0.247619 0.028571 0.047619 0.1458 0.2917 0.8542
v 0.257143 0.028571 0.063492 0.1667 0.3333 0.8333
v 0.247619 0.047619 -0.015873 0.0625 0.1250 0.9375
v 0.257143 0.047619 -0.031746 0.0417 0.0833 0.9583
v 0.257143 0.047619 0.000000 0.0833 0.1667 0.9167
v 0.257143 0.038095 0.015873 0.1042 0.2083 0.8958
v 0.257143 0.038095 0.047619 0.1458 0.2917 0.8542
v 0.257143 0.057143 -0.015873 0.0625 0.1250 0.9375
v 0.266667 -0.085714 -0.015873 0.0625 0.1250 0.9375
v 0.266667 -0.085714 0.015873 0.1042 0.2083 0.8958
v 0.276190 -0.066667 -0.031746 0.0417 0.0833 0.9583
v 0.276190 -0.076190 -0.015873 0.0625 0.1250 0.9375
v 0.276190 -0.076190 0.015873 0.1042 0.2083 0.8958
v 0.276190 -0.066667 0.031746 0.1250 0.2500 0.8750
v 0.276190 -0.047619 -0.031746 0.0417 0.0833 0.9583
v 0.276190 -0.057143 0.047619 0.1458 0.2917 0.8542
v 0.276190 -0.047619 0.063492 0.1667 0.3333 0.8333
v 0.276190 -0.028571 -0.031746 0.0417 0.0833 0.9583
v 0.276190 -0.038095 0.079365 0.1875 0.3750 0.8125
v 0.266667 -0.028571 0.079365 0.1875 0.3750 0.8125
v 0.276190 -0.028571 0.095238 0.2083 0.4167 0.7917
v 0.276190 -0.009524 -0.031746 0.0417 0.0833 0.9583
v 0.276190 -0.019048 0.079365 0.1875 0.3750 0.8125
v 0.276190 -0.009524 0.063492 0.1667 0.3333 0.8333
v 0.276190 0.009524 -0.031746 0.0417 0.0833 0.9583
v 0.266667 0.009524 0.047619 0.1458 0.2917 0.8542
v 0.276190 0.000000 0.047619 0.1458 0.2917 0.8542
v 0.276190 0.009524 0.031746 0.1250 0.2500 0.8750
v 0.276190 0.019048 -0.015873 0.0625 0.1250 0.9375
v 0.266667 0.028571 -0.015873 0.0625 0.1250 0.9375
v 0.266667 0.028571 0.015873 0.1042 0.2083 0.8958
v 0.276190 0.019048 0.015873 0.1042 0.2083 0.8958
v 0.266667 0.028571 0.047619 0.1458 0.2917 0.8542
v 0.266667 0.047619 -0.015873 0.0625 0.1250 0.9375
v 0.285714 -0.066667 -0.015873 0.0625 0.1250 0.9375
v 0.285714 -0.066667 0.015873 0.1042 0.2083 0.8958
v 0.285714 -0.047619 -0.015873 0.0625 0.1250 0.9375
v 0.285714 -0.047619 0.015873 0.1042 0.2083 0.8958
v 0.285714 -0.047619 0.047619 0.1458 0.2917 0.8542
v 0.285714 -0.028571 -0.015873 0.0625 0.1250 0.9375
v 0.295238 -0.028571 0.000000 0.0833 0.1667 0.9167
v 0.295238 -0.038095 0.015873 0.1042 0.2083 0.8958
v 0.295238 -0.028571 0.031746 0.1250 0.2500 0.8750
v 0.285714 -0.028571 0.047619 0.1458 0.2917 0.8542
v 0.285714 -0.028571 0.079365 0.1875 0.3750 0.8125
v 0.285714 -0.009524 -0.015873 0.0625 0.1250 0.9375
v 0.295238 -0.019048 0.015873 0.1042 0.2083 0.8958
v 0.285714 -0.009524 0.015873 0.1042 0.2083 0.8958
v 0.285714 -0.009524 0.047619 0.1458 0.2917 0.8542
v 0.285714 0.009524 -0.015873 0.0625 0.1250 0.9375
v 0.285714 0.009524 0.015873 0.1042 0.2083 0.8958
v 0.304762 -0.028571 0.015873 0.1042 0.2083 0.8958
f 3 2 1
f 1 4 3
f 1 2 5
f 5 2 6
f 4 1 7
f 7 1 5
f 5 6 8
f 8 6 9
f 7 5 10
f 10 5 8
f 8 9 11
f 11 9 12
f 10 8 13
f 13 8 11
f 12 14 11
f 11 14 13
f 16 15 3
f 3 15 2
f 18 17 4
f 17 3 4
f 17 16 3
f 18 19 17
f 15 6 2
f 20 6 15
f 7 21 18
f 7 18 4
f 19 18 22
f 22 18 21
f 20 9 6
f 23 9 20
f 10 24 21
f 10 21 7
f 22 21 25
f 25 21 24
f 23 12 9
f 26 12 23
f 13 27 24
f 13 24 10
f 25 24 28
f 28 24 27
f 14 12 29
f 12 30 29
f 12 26 30
f 27 13 14
f 29 27 14
f 31 27 29
f 28 27 32
f 32 27 31
f 30 33 29
f 29 33 31
f 31 33 34
f 31 34 32
f 37 36 35
f 35 38 37
f 35 36 39
f 39 36 40
f 38 35 41
f 41 35 39
f 40 42 39
f 39 42 41
f 45 44 43
f 47 46 43
f 43 46 45
f 47 48 46
f 43 44 16
f 44 15 16
f 44 49 15
f 43 16 17
f 43 17 47
f 17 19 47
f 19 48 47
f 19 50 48
f 49 20 15
f 51 20 49
f 22 50 19
f 22 52 50
f 51 23 20
f 53 23 51
f 25 52 22
f 25 54 52
f 53 26 23
f 55 26 53
f 58 57 56
f 57 54 56
f 54 28 56
f 54 25 28
f 60 30 59
f 30 55 59
f 30 26 55
f 60 59 58
f 56 60 58
f 61 60 56
f 32 61 28
f 28 61 56
f 60 33 30
f 33 60 34
f 34 60 61
f 34 61 32
f 64 63 62
f 62 65 64
f 62 63 66
f 66 63 67
f 65 62 68
f 68 62 66
f 66 67 37
f 67 36 37
f 67 69 36
f 71 70 38
f 38 70 37
f 70 68 37
f 68 66 37
f 71 72 70
f 69 40 36
f 73 40 69
f 41 74 71
f 41 71 38
f 72 71 75
f 75 71 74
f 42 40 76
f 40 77 76
f 40 73 77
f 74 41 42
f 76 74 42
f 78 74 76
f 75 74 79
f 74 80 79
f 74 78 80
f 80 81 79
f 76 77 82
f 82 77 83
f 76 84 78
f 76 82 84
f 78 85 80
f 78 84 85
f 81 80 86
f 80 87 86
f 80 85 87
f 87 88 86
f 83 89 82
f 82 89 84
f 84 89 90
f 84 90 85
f 85 90 91
f 85 91 87
f 87 91 92
f 87 92 88
f 95 94 93
f 93 96 95
f 94 97 93
f 93 97 96
f 98 44 45
f 46 99 45
f 45 99 98
f 48 99 46
f 100 49 98
f 98 49 44
f 101 98 99
f 100 98 101
f 50 101 48
f 48 101 99
f 102 51 100
f 100 51 49
f 103 100 101
f 102 100 103
f 52 103 50
f 50 103 101
f 104 53 102
f 102 53 51
f 105 102 103
f 104 102 105
f 54 105 52
f 52 105 103
f 106 55 104
f 104 55 53
f 58 106 57
f 106 105 57
f 106 104 105
f 57 105 54
f 106 59 55
f 59 106 58
f 109 108 107
f 107 110 109
f 107 108 64
f 108 63 64
f 108 111 63
f 64 65 107
f 65 110 107
f 65 112 110
f 111 67 63
f 113 67 111
f 68 115 114
f 112 68 114
f 65 68 112
f 115 116 114
f 113 69 67
f 117 69 113
f 70 115 68
f 119 118 72
f 72 118 70
f 118 116 70
f 116 115 70
f 119 120 118
f 117 73 69
f 121 73 117
f 75 122 119
f 75 119 72
f 120 119 123
f 119 124 123
f 119 122 124
f 124 125 123
f 121 77 73
f 126 77 121
f 79 122 75
f 122 79 81
f 127 122 81
f 124 122 127
f 125 124 128
f 124 129 128
f 124 127 129
f 129 130 128
f 132 83 131
f 83 126 131
f 83 77 126
f 133 132 131
f 86 127 81
f 127 86 88
f 134 127 88
f 129 127 134
f 130 129 135
f 135 129 134
f 132 89 83
f 133 136 132
f 136 89 132
f 136 90 89
f 90 137 91
f 136 137 90
f 91 138 92
f 137 138 91
f 88 92 134
f 92 139 134
f 92 138 139
f 134 139 135
f 142 141 140
f 144 143 140
f 140 143 142
f 144 145 143
f 140 141 146
f 146 141 147
f 140 148 144
f 140 146 148
f 145 144 149
f 149 144 148
f 151 150 147
f 150 94 147
f 95 146 147
f 95 147 94
f 152 150 151
f 150 152 96
f 148 96 152
f 96 148 95
f 146 95 148
f 148 152 149
f 150 97 94
f 97 150 96
f 155 154 153
f 153 156 155
f 154 157 153
f 157 158 153
f 158 159 153
f 160 156 153
f 160 153 159
f 159 161 160
f 159 158 162
f 162 158 163
f 161 159 164
f 164 159 162
f 162 163 165
f 165 163 166
f 164 162 167
f 162 168 167
f 162 165 168
f 168 169 167
f 165 166 109
f 166 108 109
f 166 170 108
f 165 109 110
f 171 165 110
f 168 165 171
f 169 168 172
f 172 168 171
f 170 111 108
f 173 111 170
f 112 174 171
f 112 171 110
f 172 171 175
f 171 176 175
f 171 174 176
f 176 177 175
f 173 113 111
f 178 113 173
f 114 174 112
f 174 114 116
f 179 174 116
f 176 174 179
f 177 176 180
f 176 181 180
f 176 179 181
f 181 182 180
f 178 117 113
f 183 117 178
f 118 179 116
f 179 118 120
f 184 179 120
f 181 179 184
f 182 181 185
f 181 186 185
f 181 184 186
f 186 187 185
f 183 121 117
f 188 121 183
f 123 184 120
f 184 123 125
f 189 184 125
f 186 184 189
f 187 186 190
f 190 186 189
f 188 126 121
f 191 126 188
f 128 189 125
f 193 192 130
f 130 192 128
f 192 190 128
f 190 189 128
f 193 194 192
f 191 195 126
f 126 195 131
f 133 131 195
f 133 195 196
f 135 197 193
f 135 193 130
f 194 193 198
f 198 193 197
f 196 199 133
f 133 199 136
f 136 200 137
f 199 200 136
f 137 201 138
f 200 201 137
f 138 202 139
f 201 202 138
f 135 139 197
f 139 203 197
f 139 202 203
f 197 203 198
f 206 205 204
f 204 207 206
f 204 205 208
f 208 205 209
f 207 204 210
f 204 211 210
f 204 208 211
f 211 212 210
f 214 213 209
f 213 141 209
f 142 208 209
f 142 209 141
f 143 215 142
f 143 213 215
f 213 143 216
f 211 216 143
f 216 211 214
f 215 214 211
f 211 208 215
f 215 208 142
f 213 214 215
f 218 217 145
f 145 217 143
f 217 212 143
f 212 211 143
f 218 219 217
f 220 147 213
f 213 147 141
f 213 216 221
f 222 213 221
f 220 213 222
f 149 223 145
f 223 222 145
f 221 145 222
f 145 221 218
f 224 218 221
f 218 224 223
f 223 225 218
f 149 225 223
f 223 224 222
f 219 218 226
f 226 218 225
f 220 151 147
f 151 220 152
f 152 220 222
f 222 224 152
f 224 227 152
f 225 149 152
f 225 152 227
f 225 227 226
f 230 229 228
f 228 231 230
f 228 229 232
f 232 229 233
f 231 228 234
f 228 235 234
f 228 232 235
f 235 236 234
f 232 233 155
f 233 154 155
f 233 237 154
f 232 155 156
f 238 232 156
f 235 232 238
f 236 235 239
f 239 235 238
f 237 240 154
f 154 240 157
f 240 241 157
f 240 156 241
f 156 240 238
f 242 238 240
f 238 242 160
f 241 160 242
f 242 158 241
f 241 158 157
f 156 160 241
f 244 243 161
f 161 243 160
f 243 239 160
f 239 238 160
f 244 245 243
f 242 163 158
f 246 163 242
f 164 247 244
f 164 244 161
f 245 244 248
f 248 244 247
f 246 166 163
f 249 166 246
f 167 247 164
f 251 250 169
f 169 250 167
f 250 248 167
f 248 247 167
f 251 252 250
f 249 170 166
f 253 170 249
f 172 254 251
f 172 251 169
f 252 251 255
f 255 251 254
f 253 173 170
f 256 173 253
f 175 254 172
f 258 257 177
f 177 257 175
f 257 255 175
f 255 254 175
f 258 259 257
f 256 178 173
f 260 178 256
f 180 258 177
f 262 261 182
f 182 261 180
f 261 259 180
f 259 258 180
f 262 263 261
f 260 183 178
f 264 183 260
f 185 262 182
f 266 265 187
f 187 265 185
f 265 263 185
f 263 262 185
f 266 267 265
f 264 188 183
f 268 188 264
f 190 269 266
f 190 266 187
f 267 266 270
f 266 271 270
f 266 269 271
f 271 272 270
f 268 191 188
f 273 191 268
f 192 269 190
f 269 192 194
f 274 269 194
f 271 269 274
f 272 271 275
f 275 271 274
f 273 276 191
f 191 276 195
f 278 277 196
f 195 278 196
f 276 278 195
f 280 279 277
f 280 277 278
f 281 279 280
f 283 282 274
f 194 283 274
f 198 283 194
f 274 282 275
f 277 199 196
f 199 277 200
f 200 277 279
f 281 284 279
f 284 200 279
f 284 201 200
f 201 285 202
f 284 285 201
f 202 286 203
f 285 286 202
f 198 203 283
f 283 203 286
f 288 287 206
f 206 287 205
f 290 289 207
f 289 206 207
f 289 288 206
f 290 291 289
f 293 209 292
f 209 287 292
f 209 205 287
f 295 294 292
f 294 290 292
f 207 292 290
f 292 207 293
f 210 293 207
f 293 210 294
f 294 296 293
f 295 296 294
f 294 210 290
f 296 212 297
f 212 296 210
f 290 210 296
f 295 290 296
f 290 295 291
f 298 291 295
f 291 298 299
f 297 299 298
f 296 297 298
f 297 300 299
f 293 214 209
f 214 293 216
f 293 301 216
f 293 296 301
f 297 212 217
f 298 302 296
f 303 296 302
f 296 303 301
f 303 219 304
f 219 303 217
f 297 217 303
f 302 297 303
f 297 302 300
f 305 300 302
f 300 305 306
f 304 306 305
f 303 304 305
f 304 307 306
f 301 221 216
f 221 301 224
f 301 308 224
f 301 303 308
f 226 304 219
f 304 226 309
f 308 309 226
f 309 308 305
f 303 305 308
f 304 309 307
f 308 227 224
f 227 308 226
f 312 311 310
f 314 313 310
f 310 313 312
f 314 315 313
f 310 311 230
f 311 229 230
f 311 316 229
f 310 230 231
f 317 310 231
f 314 310 317
f 315 314 318
f 318 314 317
f 316 233 229
f 319 233 316
f 234 317 231
f 321 320 236
f 236 320 234
f 320 318 234
f 318 317 234
f 321 322 320
f 319 237 233
f 323 237 319
f 239 324 321
f 239 321 236
f 322 321 325
f 325 321 324
f 240 237 326
f 237 327 326
f 237 323 327
f 326 242 240
f 243 324 239
f 329 328 245
f 245 328 243
f 328 325 243
f 325 324 243
f 329 330 328
f 327 331 326
f 242 326 331
f 332 242 331
f 246 242 332
f 248 333 329
f 248 329 245
f 330 329 334
f 329 335 334
f 329 333 335
f 335 336 334
f 332 249 246
f 337 249 332
f 250 333 248
f 333 250 252
f 338 333 252
f 335 333 338
f 336 335 339
f 339 335 338
f 337 253 249
f 340 253 337
f 255 341 338
f 255 338 252
f 339 338 342
f 338 343 342
f 338 341 343
f 343 344 342
f 340 256 253
f 345 256 340
f 257 341 255
f 341 257 259
f 346 341 259
f 343 341 346
f 344 343 347
f 347 343 346
f 345 260 256
f 348 260 345
f 261 346 259
f 350 349 263
f 263 349 261
f 349 347 261
f 347 346 261
f 350 351 349
f 348 264 260
f 352 264 348
f 265 350 263
f 354 353 267
f 267 353 265
f 353 351 265
f 351 350 265
f 354 355 353
f 352 268 264
f 356 268 352
f 270 354 267
f 358 357 272
f 272 357 270
f 357 355 270
f 355 354 270
f 358 359 357
f 361 273 360
f 273 356 360
f 273 268 356
f 362 361 360
f 275 363 358
f 275 358 272
f 359 358 364
f 364 358 363
f 361 276 273
f 362 365 361
f 365 276 361
f 365 278 276
f 278 366 280
f 365 366 278
f 368 367 281
f 280 368 281
f 366 368 280
f 370 369 367
f 370 367 368
f 372 371 369
f 372 369 370
f 282 283 371
f 372 282 371
f 373 282 372
f 275 282 363
f 282 374 363
f 282 373 374
f 363 374 364
f 367 284 281
f 284 367 285
f 285 367 369
f 285 369 286
f 286 369 371
f 286 371 283
f 375 287 288
f 289 376 288
f 288 376 375
f 291 376 289
f 375 292 287
f 292 375 295
f 295 375 376
f 298 295 377
f 295 376 377
f 291 299 377
f 291 377 376
f 379 377 378
f 377 299 378
f 300 380 378
f 300 378 299
f 380 381 378
f 377 302 298
f 377 379 380
f 382 380 379
f 380 382 383
f 380 383 306
f 305 306 383
f 306 305 300
f 302 300 305
f 300 302 377
f 300 377 380
f 383 382 307
f 382 381 307
f 380 306 307
f 380 307 381
f 383 309 305
f 309 383 307
f 386 385 384
f 388 387 384
f 384 387 386
f 388 389 387
f 384 385 390
f 390 385 391
f 384 392 388
f 384 390 392
f 389 388 393
f 393 388 392
f 390 391 312
f 391 311 312
f 391 394 311
f 390 312 313
f 390 313 392
f 396 395 315
f 315 395 313
f 395 393 313
f 393 392 313
f 396 397 395
f 394 316 311
f 398 316 394
f 318 399 396
f 318 396 315
f 397 396 400
f 400 396 399
f 398 319 316
f 401 319 398
f 320 399 318
f 403 402 322
f 322 402 320
f 402 400 320
f 400 399 320
f 403 404 402
f 406 323 405
f 323 401 405
f 323 319 401
f 407 406 405
f 325 408 403
f 325 403 322
f 404 403 409
f 403 410 409
f 403 408 410
f 410 411 409
f 412 327 406
f 406 327 323
f 406 407 413
f 406 413 412
f 328 408 325
f 408 328 330
f 414 408 330
f 410 408 414
f 411 410 415
f 415 410 414
f 412 331 327
f 332 331 412
f 413 332 412
f 416 332 413
f 334 414 330
f 418 417 336
f 336 417 334
f 417 415 334
f 415 414 334
f 418 419 417
f 416 337 332
f 420 337 416
f 339 421 418
f 339 418 336
f 419 418 422
f 422 418 421
f 420 340 337
f 423 340 420
f 342 421 339
f 425 424 344
f 344 424 342
f 424 422 342
f 422 421 342
f 425 426 424
f 423 345 340
f 427 345 423
f 347 428 425
f 347 425 344
f 426 425 429
f 425 430 429
f 425 428 430
f 430 431 429
f 427 348 345
f 432 348 427
f 349 428 347
f 428 349 351
f 433 428 351
f 430 428 433
f 431 430 434
f 434 430 433
f 432 352 348
f 435 352 432
f 353 433 351
f 437 436 355
f 355 436 353
f 436 434 353
f 434 433 353
f 439 438 437
f 437 438 436
f 439 440 438
f 442 356 441
f 356 435 441
f 356 352 435
f 443 442 441
f 357 437 355
f 437 357 359
f 444 437 359
f 439 437 444
f 440 439 445
f 445 439 444
f 442 360 356
f 447 446 362
f 447 362 360
f 443 447 360
f 442 443 360
f 449 448 446
f 449 446 447
f 450 448 449
f 452 451 444
f 359 452 444
f 364 452 359
f 444 451 445
f 446 365 362
f 365 446 366
f 366 446 448
f 450 453 448
f 453 366 448
f 453 368 366
f 368 454 370
f 453 454 368
f 370 455 372
f 454 455 370
f 372 456 373
f 455 456 372
f 373 457 374
f 456 457 373
f 364 374 452
f 452 374 457
f 458 379 378
f 381 458 378
f 458 382 379
f 382 458 381
f 461 460 459
f 459 462 461
f 465 464 463
f 465 463 460
f 463 459 460
f 463 466 459
f 462 459 467
f 467 459 466
f 463 464 386
f 464 385 386
f 464 468 385
f 463 386 387
f 463 387 466
f 470 469 389
f 389 469 387
f 469 467 387
f 467 466 387
f 470 471 469
f 473 391 472
f 391 468 472
f 391 385 468
f 474 473 472
f 393 475 470
f 393 470 389
f 471 470 476
f 476 470 475
f 477 394 473
f 473 394 391
f 473 474 478
f 473 478 477
f 395 475 393
f 480 479 397
f 397 479 395
f 479 476 395
f 476 475 395
f 480 481 479
f 482 398 477
f 477 398 394
f 477 478 483
f 477 483 482
f 400 484 480
f 400 480 397
f 481 480 485
f 480 486 485
f 480 484 486
f 486 487 485
f 488 401 482
f 482 401 398
f 482 483 489
f 482 489 488
f 402 484 400
f 484 402 404
f 490 484 404
f 486 484 490
f 487 486 491
f 491 486 490
f 488 405 401
f 407 405 488
f 489 407 488
f 492 407 489
f 409 490 404
f 494 493 411
f 411 493 409
f 493 491 409
f 491 490 409
f 494 495 493
f 492 413 407
f 496 413 492
f 415 497 494
f 415 494 411
f 495 494 498
f 494 499 498
f 494 497 499
f 499 500 498
f 496 416 413
f 501 416 496
f 417 497 415
f 497 417 419
f 502 497 419
f 499 497 502
f 500 499 503
f 503 499 502
f 501 420 416
f 504 420 501
f 422 505 502
f 422 502 419
f 503 502 506
f 502 507 506
f 502 505 507
f 507 508 506
f 504 423 420
f 509 423 504
f 424 505 422
f 505 424 426
f 510 505 426
f 507 505 510
f 508 507 511
f 507 512 511
f 507 510 512
f 512 513 511
f 509 427 423
f 514 427 509
f 429 510 426
f 510 429 431
f 515 510 431
f 512 510 515
f 513 512 516
f 512 517 516
f 512 515 517
f 517 518 516
f 514 432 427
f 519 432 514
f 434 520 515
f 434 515 431
f 515 521 517
f 515 520 521
f 518 517 522
f 517 523 522
f 517 521 523
f 523 524 522
f 526 435 525
f 435 519 525
f 435 432 519
f 527 526 525
f 436 520 434
f 520 436 438
f 520 438 521
f 521 438 440
f 528 521 440
f 523 521 528
f 524 523 529
f 529 523 528
f 526 441 435
f 443 441 526
f 527 443 526
f 530 443 527
f 532 531 528
f 440 532 528
f 445 532 440
f 528 531 529
f 530 533 443
f 443 533 447
f 447 534 449
f 533 534 447
f 536 535 450
f 449 536 450
f 534 536 449
f 538 537 535
f 538 535 536
f 540 539 537
f 540 537 538
f 542 541 539
f 542 539 540
f 544 543 541
f 544 541 542
f 451 452 543
f 544 451 543
f 545 451 544
f 445 451 532
f 532 451 545
f 535 453 450
f 453 535 454
f 454 535 537
f 454 537 455
f 455 537 539
f 455 539 456
f 456 539 541
f 456 541 457
f 457 541 543
f 457 543 452
f 548 547 546
f 546 549 548
f 546 547 550
f 550 547 551
f 549 546 552
f 552 546 550
f 550 551 461
f 551 460 461
f 551 553 460
f 555 554 462
f 462 554 461
f 554 552 461
f 552 550 461
f 555 556 554
f 557 464 465
f 558 557 465
f 460 558 465
f 553 558 460
f 467 559 555
f 467 555 462
f 556 555 560
f 560 555 559
f 561 468 557
f 557 468 464
f 557 558 562
f 557 562 561
f 469 559 467
f 564 563 471
f 471 563 469
f 563 560 469
f 560 559 469
f 564 565 563
f 561 472 468
f 474 472 561
f 562 474 561
f 566 474 562
f 476 567 564
f 476 564 471
f 565 564 568
f 568 564 567
f 566 478 474
f 569 478 566
f 479 567 476
f 571 570 481
f 481 570 479
f 570 568 479
f 568 567 479
f 571 572 570
f 569 483 478
f 573 483 569
f 485 571 481
f 575 574 487
f 487 574 485
f 574 572 485
f 572 571 485
f 575 576 574
f 573 489 483
f 577 489 573
f 491 578 575
f 491 575 487
f 576 575 579
f 575 580 579
f 575 578 580
f 580 581 579
f 577 492 489
f 582 492 577
f 493 578 491
f 578 493 495
f 583 578 495
f 580 578 583
f 581 580 584
f 584 580 583
f 582 496 492
f 585 496 582
f 498 583 495
f 587 586 500
f 500 586 498
f 586 584 498
f 584 583 498
f 587 588 586
f 585 501 496
f 589 501 585
f 503 590 587
f 503 587 500
f 588 587 591
f 587 592 591
f 587 590 592
f 592 593 591
f 589 504 501
f 594 504 589
f 506 590 503
f 590 506 508
f 595 590 508
f 592 590 595
f 593 592 596
f 592 597 596
f 592 595 597
f 597 598 596
f 594 509 504
f 599 509 594
f 511 595 508
f 595 511 513
f 600 595 513
f 597 595 600
f 598 597 601
f 597 602 601
f 597 600 602
f 602 603 601
f 599 514 509
f 604 514 599
f 516 600 513
f 600 516 518
f 605 600 518
f 602 600 605
f 603 602 606
f 606 602 605
f 608 519 607
f 519 604 607
f 519 514 604
f 609 608 607
f 605 518 522
f 612 611 610
f 611 612 524
f 612 606 524
f 605 522 524
f 605 524 606
f 608 525 519
f 614 613 527
f 614 527 525
f 609 614 525
f 608 609 525
f 615 613 614
f 618 617 616
f 616 617 610
f 611 616 610
f 619 616 611
f 529 619 524
f 524 619 611
f 620 530 613
f 613 530 527
f 613 615 621
f 622 613 621
f 620 613 622
f 624 623 622
f 624 622 621
f 626 625 623
f 626 623 624
f 628 627 625
f 628 625 626
f 630 629 627
f 630 627 628
f 632 631 629
f 632 629 630
f 631 632 618
f 616 631 618
f 633 631 616
f 532 633 531
f 633 619 531
f 633 616 619
f 531 619 529
f 620 533 530
f 533 620 534
f 534 620 622
f 534 622 536
f 536 622 623
f 536 623 538
f 538 623 625
f 538 625 540
f 540 625 627
f 540 627 542
f 542 627 629
f 542 629 544
f 544 629 631
f 544 631 545
f 545 631 633
f 545 633 532
f 636 635 634
f 634 637 636
f 640 639 638
f 640 638 635
f 635 638 634
f 638 547 634
f 547 548 634
f 642 641 549
f 549 641 548
f 641 637 548
f 637 634 548
f 642 643 641
f 639 644 638
f 547 638 644
f 645 547 644
f 551 547 645
f 552 646 642
f 552 642 549
f 643 642 647
f 647 642 646
f 645 553 551
f 648 553 645
f 554 646 552
f 650 649 556
f 556 649 554
f 649 647 554
f 647 646 554
f 650 651 649
f 648 558 553
f 652 558 648
f 560 653 650
f 560 650 556
f 651 650 654
f 654 650 653
f 652 562 558
f 655 562 652
f 563 653 560
f 657 656 565
f 565 656 563
f 656 654 563
f 654 653 563
f 657 658 656
f 655 566 562
f 659 566 655
f 568 660 657
f 568 657 565
f 658 657 661
f 657 662 661
f 657 660 662
f 662 663 661
f 659 569 566
f 664 569 659
f 570 660 568
f 660 570 572
f 665 660 572
f 662 660 665
f 663 662 666
f 662 667 666
f 662 665 667
f 667 668 666
f 664 573 569
f 669 573 664
f 574 665 572
f 665 574 576
f 670 665 576
f 667 665 670
f 668 667 671
f 671 667 670
f 669 577 573
f 672 577 669
f 579 670 576
f 674 673 581
f 581 673 579
f 673 671 579
f 671 670 579
f 674 675 673
f 672 582 577
f 676 582 672
f 584 677 674
f 584 674 581
f 675 674 678
f 674 679 678
f 674 677 679
f 679 680 678
f 676 585 582
f 681 585 676
f 586 677 584
f 677 586 588
f 682 677 588
f 679 677 682
f 680 679 683
f 679 684 683
f 679 682 684
f 684 685 683
f 681 589 585
f 686 589 681
f 591 682 588
f 682 591 593
f 687 682 593
f 684 682 687
f 685 684 688
f 684 689 688
f 684 687 689
f 689 690 688
f 686 594 589
f 691 594 686
f 596 687 593
f 687 596 598
f 692 687 598
f 689 687 692
f 690 689 693
f 693 689 692
f 691 599 594
f 694 599 691
f 692 598 601
f 697 696 695
f 696 697 603
f 697 693 603
f 692 601 603
f 692 603 693
f 694 604 599
f 698 604 694
f 701 700 699
f 699 700 695
f 696 699 695
f 702 699 696
f 606 702 603
f 603 702 696
f 698 703 604
f 604 703 607
f 609 607 703
f 609 703 704
f 701 699 705
f 701 705 706
f 610 705 612
f 705 702 612
f 705 699 702
f 612 702 606
f 704 707 609
f 609 707 614
f 709 708 615
f 614 709 615
f 707 709 614
f 710 708 709
f 713 712 711
f 711 712 706
f 711 706 705
f 618 711 705
f 617 618 705
f 617 705 610
f 708 621 615
f 710 714 708
f 714 621 708
f 714 624 621
f 624 715 626
f 714 715 624
f 626 716 628
f 715 716 626
f 628 717 630
f 716 717 628
f 711 632 713
f 632 717 713
f 632 630 717
f 632 711 618
f 720 719 718
f 718 721 720
f 718 719 722
f 722 719 723
f 721 718 724
f 718 725 724
f 718 722 725
f 725 726 724
f 722 723 636
f 723 635 636
f 723 727 635
f 722 636 637
f 728 722 637
f 725 722 728
f 726 725 729
f 729 725 728
f 730 639 640
f 731 730 640
f 635 731 640
f 727 731 635
f 641 728 637
f 733 732 643
f 643 732 641
f 732 729 641
f 729 728 641
f 733 734 732
f 730 644 639
f 736 735 645
f 736 645 644
f 731 736 644
f 730 731 644
f 737 735 736
f 647 738 733
f 647 733 643
f 734 733 739
f 739 733 738
f 740 648 735
f 735 648 645
f 735 737 741
f 735 741 740
f 649 738 647
f 743 742 651
f 651 742 649
f 742 739 649
f 739 738 649
f 743 744 742
f 745 652 740
f 740 652 648
f 740 741 746
f 740 746 745
f 654 747 743
f 654 743 651
f 744 743 748
f 743 749 748
f 743 747 749
f 749 750 748
f 751 655 745
f 745 655 652
f 745 746 752
f 745 752 751
f 656 747 654
f 747 656 658
f 753 747 658
f 749 747 753
f 750 749 754
f 754 749 753
f 755 659 751
f 751 659 655
f 751 752 756
f 751 756 755
f 661 753 658
f 758 757 663
f 663 757 661
f 757 754 661
f 754 753 661
f 758 759 757
f 760 664 755
f 755 664 659
f 755 756 761
f 755 761 760
f 666 758 663
f 763 762 668
f 668 762 666
f 762 759 666
f 759 758 666
f 763 764 762
f 765 669 760
f 760 669 664
f 760 761 766
f 760 766 765
f 671 767 763
f 671 763 668
f 764 763 768
f 763 769 768
f 763 767 769
f 769 770 768
f 771 672 765
f 765 672 669
f 765 766 772
f 765 772 771
f 673 767 671
f 767 673 675
f 773 767 675
f 769 767 773
f 770 769 774
f 769 775 774
f 769 773 775
f 775 776 774
f 777 676 771
f 771 676 672
f 771 772 778
f 771 778 777
f 678 773 675
f 773 678 680
f 779 773 680
f 775 773 779
f 776 775 780
f 775 781 780
f 775 779 781
f 781 782 780
f 783 681 777
f 777 681 676
f 777 778 784
f 777 784 783
f 683 779 680
f 779 683 685
f 785 779 685
f 781 779 785
f 782 781 786
f 786 781 785
f 787 686 783
f 783 686 681
f 783 784 788
f 783 788 787
f 785 685 688
f 791 790 789
f 790 791 690
f 791 786 690
f 785 688 690
f 785 690 786
f 792 691 787
f 787 691 686
f 787 788 793
f 787 793 792
f 796 795 794
f 794 795 789
f 790 794 789
f 797 794 790
f 693 797 690
f 690 797 790
f 800 799 798
f 798 801 800
f 802 694 792
f 792 694 691
f 792 793 803
f 792 803 802
f 796 794 804
f 796 804 805
f 695 804 697
f 804 797 697
f 804 794 797
f 697 797 693
f 799 806 798
f 798 806 801
f 807 698 802
f 802 698 694
f 802 803 808
f 802 808 807
f 811 810 809
f 809 810 805
f 809 805 804
f 701 809 804
f 700 701 804
f 700 804 695
f 807 703 698
f 813 812 704
f 813 704 703
f 808 813 703
f 807 808 703
f 814 812 813
f 817 816 815
f 815 816 811
f 809 815 811
f 818 815 809
f 706 818 701
f 701 818 809
f 812 707 704
f 814 819 812
f 819 707 812
f 819 709 707
f 821 820 710
f 709 821 710
f 819 821 709
f 823 822 820
f 823 820 821
f 825 824 822
f 825 822 823
f 824 825 817
f 815 824 817
f 826 824 815
f 713 826 712
f 826 818 712
f 826 815 818
f 712 818 706
f 820 714 710
f 714 820 715
f 715 820 822
f 715 822 716
f 716 822 824
f 716 824 717
f 717 824 826
f 717 826 713
f 829 828 827
f 827 830 829
f 831 719 720
f 832 831 828
f 720 828 831
f 828 720 827
f 721 827 720
f 827 721 833
f 830 827 834
f 834 827 833
f 835 723 831
f 831 723 719
f 837 836 832
f 837 833 836
f 833 837 724
f 835 724 837
f 724 835 721
f 836 721 835
f 835 831 836
f 836 831 832
f 833 721 836
f 839 838 726
f 726 838 724
f 838 834 724
f 834 833 724
f 839 840 838
f 841 727 835
f 835 727 723
f 835 837 842
f 835 842 841
f 729 843 839
f 729 839 726
f 840 839 844
f 844 839 843
f 845 731 841
f 841 731 727
f 841 842 846
f 841 846 845
f 732 843 729
f 848 847 734
f 734 847 732
f 847 844 732
f 844 843 732
f 848 849 847
f 845 736 731
f 737 736 845
f 846 737 845
f 850 737 846
f 739 851 848
f 739 848 734
f 849 848 852
f 848 853 852
f 848 851 853
f 853 854 852
f 850 741 737
f 855 741 850
f 742 851 739
f 851 742 744
f 856 851 744
f 853 851 856
f 854 853 857
f 857 853 856
f 859 746 858
f 746 855 858
f 746 741 855
f 860 859 858
f 748 856 744
f 862 861 750
f 750 861 748
f 861 857 748
f 857 856 748
f 862 863 861
f 864 752 859
f 859 752 746
f 859 860 865
f 859 865 864
f 754 866 862
f 754 862 750
f 863 862 867
f 862 868 867
f 862 866 868
f 868 869 867
f 870 756 864
f 864 756 752
f 864 865 871
f 864 871 870
f 757 866 754
f 866 757 759
f 872 866 759
f 868 866 872
f 869 868 873
f 868 874 873
f 868 872 874
f 874 875 873
f 876 761 870
f 870 761 756
f 870 871 877
f 870 877 876
f 762 872 759
f 872 762 764
f 878 872 764
f 874 872 878
f 875 874 879
f 874 880 879
f 874 878 880
f 880 881 879
f 882 766 876
f 876 766 761
f 876 877 883
f 876 883 882
f 768 878 764
f 878 768 770
f 884 878 770
f 880 878 884
f 881 880 885
f 880 886 885
f 880 884 886
f 886 887 885
f 888 772 882
f 882 772 766
f 882 883 889
f 882 889 888
f 774 884 770
f 884 774 776
f 890 884 776
f 886 884 890
f 887 886 891
f 891 886 890
f 892 778 888
f 888 778 772
f 888 889 893
f 888 893 892
f 890 776 780
f 896 895 894
f 895 896 782
f 896 891 782
f 890 780 782
f 890 782 891
f 897 784 892
f 892 784 778
f 892 893 898
f 892 898 897
f 901 900 899
f 899 900 894
f 895 899 894
f 902 899 895
f 786 902 782
f 782 902 895
f 903 788 897
f 897 788 784
f 897 898 904
f 905 897 904
f 903 897 905
f 906 905 904
f 901 899 907
f 901 907 908
f 789 907 791
f 907 902 791
f 907 899 902
f 791 902 786
f 909 793 903
f 903 793 788
f 910 903 905
f 909 903 910
f 905 906 911
f 905 911 910
f 914 913 912
f 912 913 908
f 912 908 907
f 796 912 907
f 795 796 907
f 795 907 789
f 915 799 800
f 801 915 800
f 916 803 909
f 909 803 793
f 917 909 910
f 916 909 917
f 910 911 918
f 910 918 917
f 921 920 919
f 919 920 914
f 912 919 914
f 922 919 912
f 805 922 796
f 796 922 912
f 915 806 799
f 806 915 801
f 923 808 916
f 916 808 803
f 924 916 917
f 923 916 924
f 917 918 925
f 917 925 924
f 921 919 926
f 921 926 927
f 811 926 810
f 926 922 810
f 926 919 922
f 810 922 805
f 923 813 808
f 813 923 814
f 923 928 814
f 923 924 928
f 924 925 929
f 930 924 929
f 928 924 930
f 932 931 930
f 932 930 929
f 934 933 931
f 934 931 932
f 933 934 927
f 933 927 926
f 817 933 926
f 816 817 926
f 816 926 811
f 928 819 814
f 819 928 821
f 821 928 930
f 821 930 823
f 823 930 931
f 823 931 825
f 825 931 933
f 825 933 817
f 935 828 829
f 937 935 936
f 935 829 936
f 830 938 936
f 830 936 829
f 938 939 936
f 940 832 935
f 935 832 828
f 938 830 941
f 834 941 830
f 942 935 937
f 935 942 940
f 939 938 943
f 938 944 943
f 938 941 944
f 944 945 943
f 946 837 940
f 940 837 832
f 948 947 942
f 948 941 947
f 941 948 838
f 946 838 948
f 838 946 834
f 947 834 946
f 946 940 947
f 947 940 942
f 941 834 947
f 941 838 840
f 949 941 840
f 944 941 949
f 945 944 950
f 950 944 949
f 951 842 946
f 946 842 837
f 946 948 952
f 946 952 951
f 844 953 949
f 844 949 840
f 950 949 954
f 949 955 954
f 949 953 955
f 955 956 954
f 957 846 951
f 951 846 842
f 951 952 958
f 951 958 957
f 847 953 844
f 953 847 849
f 959 953 849
f 955 953 959
f 956 955 960
f 960 955 959
f 961 850 957
f 957 850 846
f 957 958 962
f 957 962 961
f 852 959 849
f 964 963 854
f 854 963 852
f 963 960 852
f 960 959 852
f 964 965 963
f 966 855 961
f 961 855 850
f 961 962 967
f 968 961 967
f 966 961 968
f 969 968 967
f 857 970 964
f 857 964 854
f 965 964 971
f 971 964 970
f 966 858 855
f 858 966 860
f 966 972 860
f 966 968 972
f 968 969 973
f 968 973 972
f 861 970 857
f 975 974 863
f 863 974 861
f 974 971 861
f 971 970 861
f 975 976 974
f 977 865 972
f 972 865 860
f 972 973 978
f 972 978 977
f 867 975 863
f 980 979 869
f 869 979 867
f 979 976 867
f 976 975 867
f 982 981 980
f 980 981 979
f 982 983 981
f 984 871 977
f 977 871 865
f 977 978 985
f 977 985 984
f 873 980 869
f 980 873 875
f 986 980 875
f 982 980 986
f 983 982 987
f 982 988 987
f 982 986 988
f 988 989 987
f 990 877 984
f 984 877 871
f 984 985 991
f 992 984 991
f 990 984 992
f 993 992 991
f 879 986 875
f 986 879 881
f 994 986 881
f 988 986 994
f 989 988 995
f 995 988 994
f 996 883 990
f 990 883 877
f 997 990 992
f 996 990 997
f 992 993 998
f 992 998 997
f 994 881 885
f 1001 1000 999
f 1000 1001 887
f 1001 995 887
f 994 885 887
f 994 887 995
f 1002 889 996
f 996 889 883
f 1003 996 997
f 1002 996 1003
f 997 998 1004
f 997 1004 1003
f 999 1000 1005
f 999 1005 1006
f 891 1005 887
f 887 1005 1000
f 1007 893 1002
f 1002 893 889
f 1008 1002 1003
f 1007 1002 1008
f 1003 1004 1009
f 1003 1009 1008
f 1012 1011 1010
f 1010 1011 1006
f 1010 1006 1005
f 894 1010 1005
f 896 894 1005
f 896 1005 891
f 1013 898 1007
f 1007 898 893
f 1014 1007 1008
f 1013 1007 1014
f 1008 1009 1015
f 1008 1015 1014
f 1018 1017 1016
f 1016 1017 1012
f 1016 1012 1010
f 901 1016 1010
f 900 901 1010
f 900 1010 894
f 1013 904 898
f 904 1013 906
f 1013 1019 906
f 1013 1014 1019
f 1014 1015 1020
f 1014 1020 1019
f 1023 1022 1021
f 1021 1022 1018
f 1016 1021 1018
f 1024 1021 1016
f 908 1024 901
f 901 1024 1016
f 1025 911 1019
f 1019 911 906
f 1019 1020 1026
f 1019 1026 1025
f 1023 1021 1027
f 1023 1027 1028
f 914 1027 913
f 1027 1024 913
f 1027 1021 1024
f 913 1024 908
f 1029 918 1025
f 1025 918 911
f 1025 1026 1030
f 1025 1030 1029
f 1033 1032 1031
f 1031 1032 1028
f 1031 1028 1027
f 921 1031 1027
f 920 921 1027
f 920 1027 914
f 1034 925 1029
f 1029 925 918
f 1029 1030 1035
f 1029 1035 1034
f 1033 1031 1036
f 1033 1036 1037
f 927 1036 921
f 921 1036 1031
f 1034 929 925
f 1035 1038 1034
f 1038 929 1034
f 1038 932 929
f 1036 934 1037
f 934 1038 1037
f 934 932 1038
f 934 1036 927
f 1039 937 936
f 939 1039 936
f 1040 942 1039
f 1039 942 937
f 943 1041 939
f 1041 1039 939
f 1041 1040 1039
f 1043 1041 1042
f 1041 943 1042
f 945 1044 1042
f 945 1042 943
f 1044 1045 1042
f 1046 948 1040
f 1040 948 942
f 1047 1040 1041
f 1046 1040 1047
f 1044 945 1048
f 950 1048 945
f 1049 1041 1043
f 1041 1049 1047
f 1045 1044 1050
f 1050 1044 1048
f 1051 952 1046
f 1046 952 948
f 1052 1046 1047
f 1051 1046 1052
f 1054 1053 1049
f 1054 1048 1053
f 1048 1054 954
f 1052 954 1054
f 954 1052 950
f 1053 950 1052
f 1052 1047 1053
f 1053 1047 1049
f 1048 950 1053
f 1056 1055 956
f 956 1055 954
f 1055 1050 954
f 1050 1048 954
f 1056 1057 1055
f 1058 958 1051
f 1051 958 952
f 1059 1051 1052
f 1058 1051 1059
f 1052 1054 1060
f 1052 1060 1059
f 960 1061 1056
f 960 1056 956
f 1057 1056 1062
f 1062 1056 1061
f 1063 962 1058
f 1058 962 958
f 1064 1058 1059
f 1063 1058 1064
f 1059 1060 1065
f 1059 1065 1064
f 963 1061 960
f 1067 1066 965
f 965 1066 963
f 1066 1062 963
f 1062 1061 963
f 1067 1068 1066
f 1063 967 962
f 967 1063 969
f 1063 1069 969
f 1063 1064 1069
f 1064 1065 1070
f 1064 1070 1069
f 971 1071 1067
f 971 1067 965
f 1068 1067 1072
f 1067 1073 1072
f 1067 1071 1073
f 1073 1074 1072
f 1075 973 1069
f 1069 973 969
f 1069 1070 1076
f 1077 1069 1076
f 1075 1069 1077
f 1078 1077 1076
f 974 1071 971
f 1071 974 976
f 1079 1071 976
f 1073 1071 1079
f 1074 1073 1080
f 1073 1081 1080
f 1073 1079 1081
f 1083 1082 1081
f 1081 1082 1080
f 1083 1084 1082
f 1085 978 1075
f 1075 978 973
f 1086 1075 1077
f 1085 1075 1086
f 1077 1078 1087
f 1077 1087 1086
f 979 1079 976
f 1079 979 981
f 1079 981 1081
f 1081 981 983
f 1088 1081 983
f 1083 1081 1088
f 1084 1083 1089
f 1089 1083 1088
f 1090 985 1085
f 1085 985 978
f 1091 1085 1086
f 1090 1085 1091
f 1086 1087 1092
f 1086 1092 1091
f 1088 983 987
f 1095 1094 1093
f 1094 1095 989
f 1095 1089 989
f 1088 987 989
f 1088 989 1089
f 1090 991 985
f 991 1090 993
f 1090 1096 993
f 1090 1091 1096
f 1091 1092 1097
f 1091 1097 1096
f 1093 1094 1098
f 1093 1098 1099
f 995 1098 989
f 989 1098 1094
f 1100 998 1096
f 1096 998 993
f 1096 1097 1101
f 1096 1101 1100
f 1104 1103 1102
f 1102 1103 1099
f 1102 1099 1098
f 999 1102 1098
f 1001 999 1098
f 1001 1098 995
f 1105 1004 1100
f 1100 1004 998
f 1100 1101 1106
f 1100 1106 1105
f 1109 1108 1107
f 1107 1108 1104
f 1102 1107 1104
f 1110 1107 1102
f 1006 1110 999
f 999 1110 1102
f 1111 1009 1105
f 1105 1009 1004
f 1105 1106 1112
f 1105 1112 1111
f 1115 1114 1113
f 1113 1114 1109
f 1107 1113 1109
f 1116 1113 1107
f 1012 1116 1011
f 1116 1110 1011
f 1116 1107 1110
f 1011 1110 1006
f 1117 1015 1111
f 1111 1015 1009
f 1111 1112 1118
f 1111 1118 1117
f 1115 1113 1119
f 1115 1119 1120
f 1018 1119 1017
f 1119 1116 1017
f 1119 1113 1116
f 1017 1116 1012
f 1121 1020 1117
f 1117 1020 1015
f 1117 1118 1122
f 1123 1117 1122
f 1121 1117 1123
f 1123 1122 1120
f 1123 1120 1119
f 1023 1123 1119
f 1022 1023 1119
f 1022 1119 1018
f 1124 1026 1121
f 1121 1026 1020
f 1125 1121 1123
f 1124 1121 1125
f 1028 1125 1023
f 1023 1125 1123
f 1126 1030 1124
f 1124 1030 1026
f 1033 1126 1032
f 1126 1125 1032
f 1126 1124 1125
f 1032 1125 1028
f 1127 1035 1126
f 1126 1035 1030
f 1037 1127 1033
f 1033 1127 1126
f 1127 1038 1035
f 1038 1127 1037
f 1128 1043 1042
f 1045 1128 1042
f 1129 1049 1128
f 1128 1049 1043
f 1050 1129 1045
f 1045 1129 1128
f 1130 1054 1129
f 1129 1054 1049
f 1055 1131 1050
f 1131 1129 1050
f 1131 1130 1129
f 1057 1131 1055
f 1132 1060 1130
f 1130 1060 1054
f 1133 1130 1131
f 1132 1130 1133
f 1062 1134 1057
f 1135 1057 1134
f 1057 1135 1131
f 1136 1131 1135
f 1131 1136 1133
f 1134 1137 1135
f 1138 1065 1132
f 1132 1065 1060
f 1139 1132 1133
f 1138 1132 1139
f 1134 1062 1066
f 1136 1140 1133
f 1141 1133 1140
f 1133 1141 1139
f 1141 1068 1142
f 1068 1141 1066
f 1134 1066 1141
f 1140 1134 1141
f 1134 1140 1137
f 1143 1137 1140
f 1137 1143 1144
f 1142 1144 1143
f 1141 1142 1143
f 1142 1145 1144
f 1146 1070 1138
f 1138 1070 1065
f 1147 1138 1139
f 1146 1138 1147
f 1148 1139 1141
f 1147 1139 1148
f 1150 1149 1143
f 1150 1142 1149
f 1142 1150 1072
f 1148 1072 1150
f 1072 1148 1068
f 1149 1068 1148
f 1148 1141 1149
f 1149 1141 1143
f 1142 1068 1149
f 1152 1151 1074
f 1074 1151 1072
f 1151 1145 1072
f 1145 1142 1072
f 1152 1153 1151
f 1146 1076 1070
f 1076 1146 1078
f 1146 1154 1078
f 1146 1147 1154
f 1155 1147 1148
f 1154 1147 1155
f 1148 1150 1156
f 1148 1156 1155
f 1080 1152 1074
f 1080 1082 1152
f 1082 1157 1152
f 1157 1153 1152
f 1082 1158 1157
f 1084 1158 1082
f 1159 1087 1154
f 1154 1087 1078
f 1160 1154 1155
f 1159 1154 1160
f 1155 1156 1161
f 1155 1161 1160
f 1157 1158 1162
f 1157 1162 1163
f 1089 1162 1084
f 1084 1162 1158
f 1164 1092 1159
f 1159 1092 1087
f 1165 1159 1160
f 1164 1159 1165
f 1160 1161 1166
f 1160 1166 1165
f 1169 1168 1167
f 1167 1168 1163
f 1167 1163 1162
f 1093 1167 1162
f 1095 1093 1162
f 1095 1162 1089
f 1170 1097 1164
f 1164 1097 1092
f 1171 1164 1165
f 1170 1164 1171
f 1165 1166 1172
f 1173 1165 1172
f 1171 1165 1173
f 1173 1172 1169
f 1167 1173 1169
f 1174 1173 1167
f 1099 1174 1093
f 1093 1174 1167
f 1175 1101 1170
f 1170 1101 1097
f 1176 1170 1171
f 1175 1170 1176
f 1177 1171 1173
f 1176 1171 1177
f 1104 1177 1103
f 1177 1174 1103
f 1177 1173 1174
f 1103 1174 1099
f 1178 1106 1175
f 1175 1106 1101
f 1179 1175 1176
f 1178 1175 1179
f 1109 1179 1108
f 1179 1177 1108
f 1179 1176 1177
f 1108 1177 1104
f 1180 1112 1178
f 1178 1112 1106
f 1115 1180 1114
f 1180 1179 1114
f 1180 1178 1179
f 1114 1179 1109
f 1181 1118 1180
f 1180 1118 1112
f 1120 1181 1115
f 1115 1181 1180
f 1181 1122 1118
f 1122 1181 1120
f 1182 1136 1135
f 1137 1182 1135
f 1182 1140 1136
f 1143 1140 1183
f 1140 1182 1183
f 1137 1144 1183
f 1137 1183 1182
f 1145 1183 1144
f 1184 1150 1183
f 1183 1150 1143
f 1151 1185 1145
f 1185 1183 1145
f 1185 1184 1183
f 1153 1185 1151
f 1186 1156 1184
f 1184 1156 1150
f 1187 1184 1185
f 1186 1184 1187
f 1157 1187 1153
f 1153 1187 1185
f 1188 1161 1186
f 1186 1161 1156
f 1189 1186 1187
f 1188 1186 1189
f 1163 1189 1157
f 1157 1189 1187
f 1190 1166 1188
f 1188 1166 1161
f 1169 1190 1168
f 1190 1189 1168
f 1190 1188 1189
f 1168 1189 1163
f 1190 1172 1166
f 1172 1190 1169
f 1193 1192 1191
f 1195 1194 1191
f 1191 1194 1193
f 1195 1196 1194
f 1191 1192 1197
f 1197 1192 1198
f 1191 1199 1195
f 1191 1197 1199
f 1196 1195 1200
f 1200 1195 1199
f 1197 1198 1201
f 1201 1198 1202
f 1197 1203 1199
f 1197 1201 1203
f 1200 1199 1204
f 1199 1205 1204
f 1199 1203 1205
f 1205 1206 1204
f 1201 1202 1207
f 1207 1202 1208
f 1201 1209 1203
f 1201 1207 1209
f 1203 1210 1205
f 1203 1209 1210
f 1206 1205 1211
f 1211 1205 1210
f 1207 1208 1212
f 1212 1208 1213
f 1207 1214 1209
f 1207 1212 1214
f 1209 1215 1210
f 1209 1214 1215
f 1211 1210 1216
f 1216 1210 1215
f 1212 1213 1217
f 1217 1213 1218
f 1212 1219 1214
f 1212 1217 1219
f 1214 1220 1215
f 1214 1219 1220
f 1216 1215 1221
f 1221 1215 1220
f 1217 1218 1222
f 1222 1218 1223
f 1217 1224 1219
f 1217 1222 1224
f 1219 1225 1220
f 1219 1224 1225
f 1221 1220 1226
f 1226 1220 1225
f 1222 1223 1227
f 1227 1223 1228
f 1230 1224 1229
f 1224 1227 1229
f 1224 1222 1227
f 1224 1230 1225
f 1225 1230 1231
f 1225 1231 1226
f 1228 1232 1227
f 1227 1232 1229
f 1233 1192 1193
f 1194 1234 1193
f 1193 1234 1233
f 1196 1234 1194
f 1236 1235 1233
f 1235 1192 1233
f 1235 1198 1192
f 1236 1233 1234
f 1236 1234 1237
f 1234 1196 1237
f 1196 1238 1237
f 1196 1200 1238
f 1235 1202 1198
f 1239 1202 1235
f 1240 1238 1200
f 1240 1200 1204
f 1204 1206 1240
f 1240 1206 1241
f 1239 1208 1202
f 1242 1208 1239
f 1211 1244 1243
f 1241 1211 1243
f 1206 1211 1241
f 1244 1245 1243
f 1242 1213 1208
f 1246 1213 1242
f 1248 1247 1244
f 1211 1248 1244
f 1216 1248 1211
f 1244 1247 1245
f 1246 1218 1213
f 1249 1218 1246
f 1252 1251 1250
f 1251 1248 1250
f 1248 1221 1250
f 1248 1216 1221
f 1254 1223 1253
f 1223 1249 1253
f 1223 1218 1249
f 1256 1255 1254
f 1256 1254 1253
f 1255 1256 1252
f 1250 1255 1252
f 1257 1255 1250
f 1226 1257 1221
f 1221 1257 1250
f 1258 1228 1254
f 1254 1228 1223
f 1229 1258 1230
f 1258 1255 1230
f 1258 1254 1255
f 1230 1255 1231
f 1231 1255 1257
f 1231 1257 1226
f 1258 1232 1228
f 1232 1258 1229
f 1259 1235 1236
f 1237 1260 1236
f 1236 1260 1259
f 1238 1260 1237
f 1261 1239 1259
f 1259 1239 1235
f 1262 1259 1260
f 1261 1259 1262
f 1240 1263 1238
f 1263 1260 1238
f 1263 1262 1260
f 1241 1263 1240
f 1264 1242 1261
f 1261 1242 1239
f 1262 1266 1265
f 1264 1262 1265
f 1261 1262 1264
f 1268 1267 1266
f 1262 1268 1266
f 1263 1268 1262
f 1243 1269 1241
f 1269 1263 1241
f 1269 1268 1263
f 1245 1269 1243
f 1270 1246 1264
f 1264 1246 1242
f 1264 1265 1271
f 1272 1264 1271
f 1270 1264 1272
f 1272 1271 1267
f 1268 1272 1267
f 1273 1272 1268
f 1248 1273 1247
f 1273 1269 1247
f 1273 1268 1269
f 1247 1269 1245
f 1274 1249 1270
f 1270 1249 1246
f 1275 1270 1272
f 1274 1270 1275
f 1252 1275 1251
f 1275 1273 1251
f 1275 1272 1273
f 1251 1273 1248
f 1274 1253 1249
f 1253 1274 1256
f 1256 1274 1275
f 1256 1275 1252
f 1276 1265 1266
f 1267 1276 1266
f 1276 1271 1265
f 1271 1276 1267
